Carrier Code,Date (MM/DD/YYYY),Flight Number,Tail Number,Origin Airport,Scheduled Arrival Time,Actual Arrival Time,Scheduled Elapsed Time (Minutes),Actual Elapsed Time (Minutes),Arrival Delay (Minutes),Wheels-on Time,Taxi-In time (Minutes),Delay Carrier (Minutes),Delay Weather (Minutes),Delay National Aviation System (Minutes),Delay Security (Minutes),Delay Late Aircraft Arrival (Minutes)
"AA","01/01/2015","0084","N3AXAA","JFK","08:40","08:39","70","65","-1","08:35","4","0","0","0","0","0"
"AA","01/01/2015","0146","N3EJAA","MIA","00:05","23:52","185","180","-13","23:44","8","0","0","0","0","0"
"AA","01/01/2015","0186","N3FHAA","ORD","14:55","14:31","125","106","-24","14:27","4","0","0","0","0","0"
"AA","01/01/2015","0192","N3EBAA","LAX","06:10","05:41","320","291","-29","05:36","5","0","0","0","0","0"
"AA","01/01/2015","0193","N3DNAA","JFK","13:55","14:06","60","60","11","14:00","6","0","0","0","0","0"
"AA","01/01/2015","0202","N3LHAA","LAX","21:00","20:41","315","296","-19","20:35","6","0","0","0","0","0"
"AA","01/01/2015","0222","N3JSAA","LAX","15:15","14:42","320","292","-33","14:38","4","0","0","0","0","0"
"AA","01/01/2015","0288","N3DNAA","ORD","23:10","22:55","125","114","-15","22:50","5","0","0","0","0","0"
"AA","01/01/2015","1065","N3GMAA","ORD","16:15","16:13","135","120","-2","16:08","5","0","0","0","0","0"
"AA","01/01/2015","1096","N3APAA","JFK","17:00","17:35","75","71","35","17:31","4","24","0","0","0","11"
"AA","01/01/2015","1124","N3GAAA","DFW","17:00","16:57","205","200","-3","16:49","8","0","0","0","0","0"
"AA","01/01/2015","1185","N853AA","MIA","12:48","12:39","193","184","-9","12:34","5","0","0","0","0","0"
"AA","01/01/2015","1186","N5CPAA","DFW","10:45","10:40","205","206","-5","10:35","5","0","0","0","0","0"
"AA","01/01/2015","1355","N3FJAA","MIA","18:18","18:05","193","187","-13","18:02","3","0","0","0","0","0"
"AA","01/01/2015","1426","N3FAAA","ORD","21:40","21:20","125","110","-20","21:16","4","0","0","0","0","0"
"AA","01/01/2015","1448","N3HKAA","DFW","15:20","00:00","205","0","0","00:00","0","0","0","0","0","0"
"AA","01/01/2015","1533","N5BVAA","MIA","16:15","17:27","190","201","72","17:17","10","8","0","11","0","53"
"AA","01/01/2015","1544","N3HGAA","DFW","19:30","19:35","205","205","5","19:27","8","0","0","0","0","0"
"AA","01/01/2015","1550","N3AVAA","LAX","23:45","23:28","315","294","-17","23:24","4","0","0","0","0","0"
"AA","01/01/2015","1551","N3BFAA","ORD","12:55","12:55","125","116","0","12:51","4","0","0","0","0","0"
"AA","01/01/2015","1582","N5EYAA","MIA","10:13","09:58","193","182","-15","09:53","5","0","0","0","0","0"
"AA","01/01/2015","1590","N5CNAA","DFW","21:50","01:55","200","176","245","01:51","4","0","0","0","0","245"
"AA","01/01/2015","1592","N3BUAA","ORD","23:59","01:00","124","123","61","00:54","6","61","0","0","0","0"
"AA","01/01/2015","1612","N3GPAA","ORD","19:05","18:48","130","113","-17","18:43","5","0","0","0","0","0"
"AA","01/01/2015","1625","N3GNAA","MIA","23:16","23:32","191","182","16","23:27","5","16","0","0","0","0"
"AA","01/01/2015","1670","N3KEAA","ORD","17:10","16:52","130","116","-18","16:45","7","0","0","0","0","0"
"AA","01/01/2015","2221","N3DTAA","ORD","01:05","00:56","120","115","-9","00:51","5","0","0","0","0","0"
"AA","01/01/2015","2238","N3FYAA","DFW","23:40","23:36","205","177","-4","23:32","4","0","0","0","0","0"
"AA","01/01/2015","2314","N3APAA","JFK","21:30","21:44","70","75","14","21:41","3","0","0","0","0","0"
"AA","01/01/2015","2440","N634AA","MIA","21:59","22:12","194","199","13","22:04","8","0","0","0","0","0"
"AA","01/01/2015","2470","N5CAAA","DFW","12:25","12:46","205","230","21","12:42","4","0","0","21","0","0"
"AA","01/02/2015","0084","N3GMAA","JFK","08:40","08:38","70","74","-2","08:33","5","0","0","0","0","0"
"AA","01/02/2015","0146","N3FBAA","MIA","00:05","23:58","185","181","-7","23:51","7","0","0","0","0","0"
"AA","01/02/2015","0186","N3BYAA","ORD","14:55","14:38","125","108","-17","14:35","3","0","0","0","0","0"
"AA","01/02/2015","0192","N3DCAA","LAX","06:10","06:03","320","318","-7","05:53","10","0","0","0","0","0"
"AA","01/02/2015","0193","N3AJAA","JFK","13:55","13:55","60","65","0","13:45","10","0","0","0","0","0"
"AA","01/02/2015","0202","N3LMAA","LAX","21:00","20:44","315","302","-16","20:40","4","0","0","0","0","0"
"AA","01/02/2015","0222","N3HFAA","LAX","15:15","14:56","320","304","-19","14:51","5","0","0","0","0","0"
"AA","01/02/2015","0288","N3GMAA","ORD","23:10","22:56","125","110","-14","22:49","7","0","0","0","0","0"
"AA","01/02/2015","1065","N3LFAA","ORD","16:15","15:59","135","122","-16","15:53","6","0","0","0","0","0"
"AA","01/02/2015","1096","N3DYAA","JFK","17:00","18:28","75","67","88","18:23","5","19","0","0","0","69"
"AA","01/02/2015","1124","N3HLAA","DFW","17:00","17:16","205","193","16","17:11","5","0","0","0","0","16"
"AA","01/02/2015","1185","N856AA","MIA","12:48","12:54","193","183","6","12:49","5","0","0","0","0","0"
"AA","01/02/2015","1186","N5BRAA","DFW","10:45","10:27","205","188","-18","10:21","6","0","0","0","0","0"
"AA","01/02/2015","1355","N3LSAA","MIA","18:18","17:56","193","178","-22","17:50","6","0","0","0","0","0"
"AA","01/02/2015","1426","N3AXAA","ORD","21:40","21:23","125","114","-17","21:18","5","0","0","0","0","0"
"AA","01/02/2015","1448","N3LCAA","DFW","15:20","15:06","205","193","-14","15:00","6","0","0","0","0","0"
"AA","01/02/2015","1496","N3CAAA","ORD","11:10","10:52","125","111","-18","10:48","4","0","0","0","0","0"
"AA","01/02/2015","1533","N631AA","MIA","16:15","17:14","190","175","59","17:09","5","17","0","0","0","42"
"AA","01/02/2015","1544","N3HCAA","DFW","19:30","21:25","205","196","115","21:20","5","17","0","0","0","98"
"AA","01/02/2015","1551","N3LTAA","ORD","12:55","12:35","125","111","-20","12:30","5","0","0","0","0","0"
"AA","01/02/2015","1582","N5FNAA","MIA","10:13","11:20","193","191","67","11:11","9","67","0","0","0","0"
"AA","01/02/2015","1590","N630AA","DFW","21:50","21:50","200","186","0","21:44","6","0","0","0","0","0"
"AA","01/02/2015","1592","N3EEAA","ORD","23:59","23:44","124","111","-15","23:40","4","0","0","0","0","0"
"AA","01/02/2015","1612","N3HSAA","ORD","19:05","19:04","130","113","-1","18:58","6","0","0","0","0","0"
"AA","01/02/2015","1625","N3GKAA","MIA","23:16","23:26","191","187","10","23:21","5","0","0","0","0","0"
"AA","01/02/2015","1670","N3EKAA","ORD","17:10","16:49","130","114","-21","16:39","10","0","0","0","0","0"
"AA","01/02/2015","2221","N3LBAA","ORD","01:05","01:00","120","120","-5","00:51","9","0","0","0","0","0"
"AA","01/02/2015","2238","N3ALAA","DFW","23:40","00:07","205","194","27","00:01","6","13","7","0","0","7"
"AA","01/02/2015","2314","N3DYAA","JFK","21:30","22:44","70","73","74","22:40","4","8","0","3","0","63"
"AA","01/02/2015","2440","N5FNAA","MIA","21:59","22:32","194","205","33","22:27","5","22","0","11","0","0"
"AA","01/02/2015","2470","N5CPAA","DFW","12:25","12:19","205","194","-6","12:12","7","0","0","0","0","0"
"AA","01/03/2015","0084","N3GEAA","JFK","08:40","09:20","70","65","40","09:14","6","40","0","0","0","0"
"AA","01/03/2015","0146","N3JUAA","MIA","00:05","00:50","185","198","45","00:43","7","0","0","13","0","32"
"AA","01/03/2015","0186","N3ALAA","ORD","14:55","15:10","125","124","15","15:03","7","10","0","0","0","5"
"AA","01/03/2015","0192","N3HPAA","LAX","06:10","06:26","320","335","16","06:16","10","0","0","16","0","0"
"AA","01/03/2015","0193","N3EHAA","JFK","13:55","15:12","60","64","77","15:06","6","0","0","5","0","72"
"AA","01/03/2015","0202","N3LNAA","LAX","21:00","21:37","315","356","37","21:31","6","0","0","37","0","0"
"AA","01/03/2015","0222","N3LHAA","LAX","15:15","15:09","320","319","-6","15:01","8","0","0","0","0","0"
"AA","01/03/2015","0288","N3KWAA","ORD","23:10","23:43","125","143","33","23:36","7","0","0","18","0","15"
"AA","01/03/2015","1065","N3APAA","ORD","16:15","16:04","135","131","-11","15:58","6","0","0","0","0","0"
"AA","01/03/2015","1096","N3LCAA","JFK","17:00","17:22","75","83","22","17:14","8","0","0","18","0","4"
"AA","01/03/2015","1124","N3GHAA","DFW","17:00","17:00","205","193","0","16:52","8","0","0","0","0","0"
"AA","01/03/2015","1185","N857AA","MIA","12:48","00:00","193","0","0","00:00","0","0","0","0","0","0"
"AA","01/03/2015","1186","N5EGAA","DFW","10:45","10:48","205","212","3","10:41","7","0","0","0","0","0"
"AA","01/03/2015","1355","N3GGAA","MIA","18:18","18:23","193","177","5","18:13","10","0","0","0","0","0"
"AA","01/03/2015","1426","N3CKAA","ORD","21:40","22:12","125","134","32","22:07","5","23","0","9","0","0"
"AA","01/03/2015","1448","N3BHAA","DFW","15:20","15:49","205","197","29","15:44","5","0","0","0","0","29"
"AA","01/03/2015","1496","N3MAAA","ORD","11:10","11:23","125","134","13","11:18","5","0","0","0","0","0"
"AA","01/03/2015","1533","N635AA","MIA","16:15","17:16","190","181","61","17:09","7","9","0","0","0","52"
"AA","01/03/2015","1544","N3LLAA","DFW","19:30","19:39","205","208","9","19:26","13","0","0","0","0","0"
"AA","01/03/2015","1582","N5EWAA","MIA","10:13","10:44","193","178","31","10:37","7","31","0","0","0","0"
"AA","01/03/2015","1590","N5DYAA","DFW","21:50","22:16","200","198","26","22:10","6","26","0","0","0","0"
"AA","01/03/2015","1592","N3BJAA","ORD","23:59","00:06","124","114","7","24:00","6","0","0","0","0","0"
"AA","01/03/2015","1612","N3FAAA","ORD","19:05","19:30","130","140","25","19:22","8","0","0","10","0","15"
"AA","01/03/2015","1625","N3DTAA","MIA","23:16","23:49","191","188","33","23:41","8","3","0","0","0","30"
"AA","01/03/2015","1670","N3LXAA","ORD","17:10","17:56","130","129","46","17:48","8","0","0","0","0","46"
"AA","01/03/2015","2238","N3HUAA","DFW","23:40","00:47","205","194","67","00:38","9","18","0","0","0","49"
"AA","01/03/2015","2314","N3LCAA","JFK","21:30","23:38","70","68","128","23:31","7","36","0","0","0","92"
"AA","01/03/2015","2440","N5DJAA","MIA","21:59","22:35","194","184","36","22:30","5","10","0","0","0","26"
"AA","01/03/2015","2470","N5BTAA","DFW","12:25","12:23","205","203","-2","12:17","6","0","0","0","0","0"
"AA","01/04/2015","0084","N3GEAA","JFK","08:40","08:28","70","61","-12","08:23","5","0","0","0","0","0"
"AA","01/04/2015","0146","N3ESAA","MIA","00:05","01:42","185","173","97","01:35","7","97","0","0","0","0"
"AA","01/04/2015","0186","N3HJAA","ORD","15:10","16:27","125","132","77","16:22","5","10","60","7","0","0"
"AA","01/04/2015","0192","N3MCAA","LAX","06:10","06:17","320","319","7","06:09","8","0","0","0","0","0"
"AA","01/04/2015","0193","N3ELAA","JFK","13:55","14:11","60","77","16","14:05","6","0","0","16","0","0"
"AA","01/04/2015","0202","N3AAAA","LAX","21:00","21:23","315","303","23","21:18","5","0","0","0","0","23"
"AA","01/04/2015","0222","N3MCAA","LAX","15:15","15:15","320","323","0","15:11","4","0","0","0","0","0"
"AA","01/04/2015","0288","N3FAAA","ORD","23:10","23:30","125","109","20","23:26","4","0","4","0","0","16"
"AA","01/04/2015","1065","N3HAAA","ORD","16:15","16:32","135","130","17","16:24","8","0","15","0","0","2"
"AA","01/04/2015","1096","N3DJAA","JFK","17:00","18:44","75","73","104","18:37","7","30","0","0","0","74"
"AA","01/04/2015","1124","N3HMAA","DFW","17:00","16:44","205","190","-16","16:33","11","0","0","0","0","0"
"AA","01/04/2015","1185","N861AA","MIA","12:48","12:38","193","182","-10","12:31","7","0","0","0","0","0"
"AA","01/04/2015","1186","N5EAAA","DFW","10:45","10:16","205","177","-29","10:10","6","0","0","0","0","0"
"AA","01/04/2015","1355","N3CGAA","MIA","18:18","18:23","193","183","5","18:18","5","0","0","0","0","0"
"AA","01/04/2015","1426","N3DCAA","ORD","21:40","21:58","125","125","18","21:51","7","18","0","0","0","0"
"AA","01/04/2015","1448","N3HBAA","DFW","15:20","15:06","205","182","-14","15:01","5","0","0","0","0","0"
"AA","01/04/2015","1496","N3MAAA","ORD","11:10","11:13","125","113","3","11:08","5","0","0","0","0","0"
"AA","01/04/2015","1533","N7BPAA","MIA","16:15","16:36","190","214","21","15:52","44","0","0","21","0","0"
"AA","01/04/2015","1544","N3BKAA","DFW","19:30","19:55","205","190","25","19:49","6","1","0","0","0","24"
"AA","01/04/2015","1550","N3KWAA","LAX","23:45","23:33","315","301","-12","23:28","5","0","0","0","0","0"
"AA","01/04/2015","1551","N3DTAA","ORD","12:55","12:55","125","125","0","12:50","5","0","0","0","0","0"
"AA","01/04/2015","1582","N5ETAA","MIA","10:13","11:00","193","169","47","10:52","8","47","0","0","0","0"
"AA","01/04/2015","1590","N5EBAA","DFW","21:50","21:33","200","182","-17","21:28","5","0","0","0","0","0"
"AA","01/04/2015","1592","N3KRAA","ORD","23:59","00:39","124","124","40","00:34","5","0","9","0","0","31"
"AA","01/04/2015","1612","N3KBAA","ORD","19:05","19:22","130","139","17","19:08","14","0","8","9","0","0"
"AA","01/04/2015","1625","N3HHAA","MIA","23:16","23:37","191","171","21","23:31","6","1","0","0","0","20"
"AA","01/04/2015","1670","N3CTAA","ORD","17:45","18:23","130","138","38","18:14","9","0","30","8","0","0"
"AA","01/04/2015","2221","N3KYAA","ORD","01:05","02:12","120","122","67","02:07","5","0","4","2","0","61"
"AA","01/04/2015","2238","N3JAAA","DFW","23:40","00:24","205","178","44","00:19","5","12","0","0","0","32"
"AA","01/04/2015","2314","N3DJAA","JFK","21:30","23:24","70","80","114","23:19","5","4","0","10","0","100"
"AA","01/04/2015","2440","N5DXAA","MIA","21:59","21:38","194","171","-21","21:33","5","0","0","0","0","0"
"AA","01/04/2015","2470","N630AA","DFW","12:25","12:04","205","183","-21","11:54","10","0","0","0","0","0"
"AA","01/05/2015","0084","N3BFAA","JFK","08:40","08:39","70","73","-1","08:26","13","0","0","0","0","0"
"AA","01/05/2015","0146","N3CJAA","MIA","00:05","00:21","185","182","16","00:12","9","7","0","0","0","9"
"AA","01/05/2015","0186","N3CDAA","ORD","14:55","15:10","125","125","15","15:06","4","0","0","0","0","15"
"AA","01/05/2015","0192","N3DWAA","LAX","06:10","06:03","320","319","-7","05:58","5","0","0","0","0","0"
"AA","01/05/2015","0193","N3LXAA","JFK","13:55","13:48","60","57","-7","13:44","4","0","0","0","0","0"
"AA","01/05/2015","0202","N3JHAA","LAX","21:00","21:10","315","312","10","21:05","5","0","0","0","0","0"
"AA","01/05/2015","0222","N3ABAA","LAX","15:15","15:25","320","331","10","15:21","4","0","0","0","0","0"
"AA","01/05/2015","1065","N3ERAA","ORD","16:15","16:03","135","112","-12","15:57","6","0","0","0","0","0"
"AA","01/05/2015","1096","N3GBAA","JFK","17:00","16:59","75","79","-1","16:54","5","0","0","0","0","0"
"AA","01/05/2015","1124","N3JJAA","DFW","17:00","17:08","205","203","8","16:57","11","0","0","0","0","0"
"AA","01/05/2015","1185","N852AA","MIA","12:48","12:45","193","181","-3","12:39","6","0","0","0","0","0"
"AA","01/05/2015","1186","N633AA","DFW","10:45","10:25","205","183","-20","10:20","5","0","0","0","0","0"
"AA","01/05/2015","1355","N3JMAA","MIA","18:18","18:02","193","178","-16","17:58","4","0","0","0","0","0"
"AA","01/05/2015","1426","N3AMAA","ORD","21:40","01:23","125","113","223","01:16","7","166","57","0","0","0"
"AA","01/05/2015","1448","N3DRAA","DFW","15:20","15:28","205","188","8","15:24","4","0","0","0","0","0"
"AA","01/05/2015","1496","N3DGAA","ORD","11:10","11:05","125","120","-5","11:01","4","0","0","0","0","0"
"AA","01/05/2015","1533","N5CFAA","MIA","16:15","15:57","190","177","-18","15:52","5","0","0","0","0","0"
"AA","01/05/2015","1544","N3KDAA","DFW","19:30","21:37","205","212","127","21:31","6","40","0","7","0","80"
"AA","01/05/2015","1550","N3FFAA","LAX","23:45","23:48","315","311","3","23:42","6","0","0","0","0","0"
"AA","01/05/2015","1551","N3GSAA","ORD","12:55","13:54","125","114","59","13:48","6","0","0","0","0","59"
"AA","01/05/2015","1582","N5FNAA","MIA","10:13","10:04","193","187","-9","09:59","5","0","0","0","0","0"
"AA","01/05/2015","1590","N5BVAA","DFW","21:50","21:43","200","194","-7","21:33","10","0","0","0","0","0"
"AA","01/05/2015","1592","N3EVAA","ORD","23:59","01:58","124","126","119","01:54","4","46","54","2","0","17"
"AA","01/05/2015","1612","N3HTAA","ORD","19:05","19:21","130","118","16","19:15","6","6","0","0","0","10"
"AA","01/05/2015","1625","N3BEAA","MIA","23:16","23:47","191","182","31","23:40","7","6","0","0","0","25"
"AA","01/05/2015","1670","N3AUAA","ORD","17:10","17:16","130","123","6","17:11","5","0","0","0","0","0"
"AA","01/05/2015","2221","N3ELAA","ORD","01:05","04:13","120","119","188","04:08","5","0","102","0","0","86"
"AA","01/05/2015","2238","N3EXAA","DFW","23:40","23:53","205","198","13","23:48","5","0","0","0","0","0"
"AA","01/05/2015","2314","N3GBAA","JFK","21:30","21:57","70","78","27","21:48","9","9","0","8","0","10"
"AA","01/05/2015","2440","N639AA","MIA","21:59","21:41","194","178","-18","21:35","6","0","0","0","0","0"
"AA","01/05/2015","2470","N5EKAA","DFW","12:25","12:04","205","188","-21","11:58","6","0","0","0","0","0"
"AA","01/06/2015","0084","N3EGAA","JFK","08:41","08:31","71","58","-10","08:25","6","0","0","0","0","0"
"AA","01/06/2015","0146","N3GRAA","MIA","00:02","00:48","182","197","46","00:25","23","31","0","15","0","0"
"AA","01/06/2015","0186","N3AUAA","ORD","14:51","15:12","131","121","21","15:06","6","0","0","0","0","21"
"AA","01/06/2015","0193","N3LAAA","JFK","13:43","14:21","63","106","38","14:16","5","0","0","38","0","0"
"AA","01/06/2015","0222","N3LNAA","LAX","15:20","15:13","325","318","-7","15:08","5","0","0","0","0","0"
"AA","01/06/2015","0288","N3FAAA","ORD","23:14","23:29","129","111","15","23:24","5","0","10","0","0","5"
"AA","01/06/2015","1033","N3AYAA","MIA","12:44","13:02","194","185","18","12:58","4","18","0","0","0","0"
"AA","01/06/2015","1065","N598AA","ORD","16:13","16:05","133","125","-8","16:00","5","0","0","0","0","0"
"AA","01/06/2015","1096","N3JYAA","JFK","17:14","18:50","75","115","96","18:43","7","0","0","96","0","0"
"AA","01/06/2015","1124","N3CMAA","DFW","16:57","16:57","207","204","0","16:46","11","0","0","0","0","0"
"AA","01/06/2015","1355","N3GUAA","MIA","18:25","19:48","190","181","83","19:41","7","0","0","23","0","60"
"AA","01/06/2015","1426","N3LGAA","ORD","21:49","22:15","134","113","26","22:10","5","26","0","0","0","0"
"AA","01/06/2015","1496","N3BJAA","ORD","11:10","11:24","130","129","14","11:19","5","0","0","0","0","0"
"AA","01/06/2015","1533","N5EAAA","MIA","16:11","16:48","186","185","37","16:40","8","37","0","0","0","0"
"AA","01/06/2015","1544","N3AKAA","DFW","19:25","20:37","205","206","72","20:31","6","0","0","72","0","0"
"AA","01/06/2015","1550","N3LKAA","LAX","23:45","23:30","320","302","-15","23:25","5","0","0","0","0","0"
"AA","01/06/2015","1551","N3BEAA","ORD","13:24","14:15","129","120","51","14:11","4","51","0","0","0","0"
"AA","01/06/2015","1582","N3DBAA","MIA","10:16","09:56","191","172","-20","09:52","4","0","0","0","0","0"
"AA","01/06/2015","1590","N5DMAA","DFW","21:50","22:24","200","204","34","22:19","5","0","0","15","0","19"
"AA","01/06/2015","1612","N3HYAA","ORD","19:06","20:13","131","143","67","20:07","6","0","0","67","0","0"
"AA","01/06/2015","1625","N5ENAA","MIA","21:52","22:08","192","186","16","22:04","4","0","0","16","0","0"
"AA","01/06/2015","1670","N3JWAA","ORD","17:13","17:38","133","128","25","17:29","9","0","0","0","0","25"
"AA","01/06/2015","2238","N3CBAA","DFW","23:35","23:46","200","199","11","23:42","4","0","0","0","0","0"
"AA","01/06/2015","2314","N3JYAA","JFK","21:35","23:59","70","85","144","23:40","19","0","13","15","0","116"
"AA","01/06/2015","2440","N3FXAA","MIA","22:54","23:28","189","186","34","23:22","6","34","0","0","0","0"
"AA","01/06/2015","2470","N5DMAA","DFW","12:21","12:12","201","191","-9","12:07","5","0","0","0","0","0"
"AA","01/07/2015","0084","N3KPAA","JFK","08:41","09:12","71","58","31","09:05","7","31","0","0","0","0"
"AA","01/07/2015","0146","N3BPAA","MIA","00:02","23:54","182","169","-8","23:50","4","0","0","0","0","0"
"AA","01/07/2015","0186","N3LRAA","ORD","14:51","14:49","131","123","-2","14:45","4","0","0","0","0","0"
"AA","01/07/2015","0192","N3HGAA","LAX","06:13","06:15","323","323","2","06:09","6","0","0","0","0","0"
"AA","01/07/2015","0193","N3GPAA","JFK","13:43","14:41","63","93","58","14:35","6","0","0","30","0","28"
"AA","01/07/2015","0222","N3AVAA","LAX","15:20","14:58","325","308","-22","14:53","5","0","0","0","0","0"
"AA","01/07/2015","0288","N3JYAA","ORD","23:14","23:08","129","127","-6","23:04","4","0","0","0","0","0"
"AA","01/07/2015","1033","N852AA","MIA","12:44","12:31","194","181","-13","12:27","4","0","0","0","0","0"
"AA","01/07/2015","1065","N3EWAA","ORD","16:13","16:05","133","126","-8","16:00","5","0","0","0","0","0"
"AA","01/07/2015","1096","N3JNAA","JFK","17:14","17:29","75","77","15","17:22","7","13","0","2","0","0"
"AA","01/07/2015","1124","N3CKAA","DFW","16:57","17:00","207","206","3","16:55","5","0","0","0","0","0"
"AA","01/07/2015","1186","N3FMAA","DFW","10:41","10:35","201","199","-6","10:30","5","0","0","0","0","0"
"AA","01/07/2015","1355","N3LMAA","MIA","18:25","18:11","190","178","-14","18:02","9","0","0","0","0","0"
"AA","01/07/2015","1426","N3FKAA","ORD","21:49","21:45","134","130","-4","21:40","5","0","0","0","0","0"
"AA","01/07/2015","1496","N3BJAA","ORD","11:10","11:07","130","129","-3","11:03","4","0","0","0","0","0"
"AA","01/07/2015","1533","N5CDAA","MIA","16:11","15:57","186","174","-14","15:52","5","0","0","0","0","0"
"AA","01/07/2015","1544","N3AHAA","DFW","19:25","22:06","205","249","161","21:52","14","4","0","44","0","113"
"AA","01/07/2015","1550","N3KBAA","LAX","23:45","00:17","320","325","32","00:11","6","1","0","5","0","26"
"AA","01/07/2015","1551","N3AAAA","ORD","13:24","13:50","129","123","26","13:45","5","0","0","0","0","26"
"AA","01/07/2015","1582","N3LAAA","MIA","10:16","11:10","191","177","54","11:05","5","38","0","0","0","16"
"AA","01/07/2015","1590","N5EBAA","DFW","21:50","21:55","200","199","5","21:48","7","0","0","0","0","0"
"AA","01/07/2015","1612","N3LXAA","ORD","19:06","19:06","131","131","0","18:59","7","0","0","0","0","0"
"AA","01/07/2015","1625","N5CKAA","MIA","21:52","21:35","192","169","-17","21:29","6","0","0","0","0","0"
"AA","01/07/2015","1670","N3GWAA","ORD","17:13","17:11","133","132","-2","17:03","8","0","0","0","0","0"
"AA","01/07/2015","2238","N3MCAA","DFW","23:35","00:04","200","197","29","24:00","4","29","0","0","0","0"
"AA","01/07/2015","2314","N3JNAA","JFK","21:35","23:04","70","62","89","23:00","4","39","0","0","0","50"
"AA","01/07/2015","2440","N3KLAA","MIA","22:54","23:03","189","169","9","22:58","5","0","0","0","0","0"
"AA","01/07/2015","2470","N436AA","DFW","12:21","12:33","201","216","12","12:28","5","0","0","0","0","0"
"AA","01/08/2015","0084","N3CGAA","JFK","08:41","08:39","71","72","-2","08:33","6","0","0","0","0","0"
"AA","01/08/2015","0146","N3GHAA","MIA","00:02","00:11","182","194","9","00:06","5","0","0","0","0","0"
"AA","01/08/2015","0186","N3LAAA","ORD","14:51","15:50","131","117","59","15:44","6","40","19","0","0","0"
"AA","01/08/2015","0192","N3DUAA","LAX","06:13","05:52","323","306","-21","05:46","6","0","0","0","0","0"
"AA","01/08/2015","0193","N3DDAA","JFK","13:43","13:33","63","60","-10","13:29","4","0","0","0","0","0"
"AA","01/08/2015","0202","N3BYAA","LAX","21:21","20:55","326","304","-26","20:51","4","0","0","0","0","0"
"AA","01/08/2015","0222","N3MDAA","LAX","15:20","14:57","325","310","-23","14:51","6","0","0","0","0","0"
"AA","01/08/2015","0288","N3HGAA","ORD","23:14","00:57","129","135","103","00:52","5","0","58","6","0","39"
"AA","01/08/2015","1033","N862AA","MIA","12:44","12:40","194","190","-4","12:35","5","0","0","0","0","0"
"AA","01/08/2015","1065","N3FTAA","ORD","16:13","17:59","133","128","106","17:50","9","0","32","0","0","74"
"AA","01/08/2015","1096","N3DWAA","JFK","17:14","17:01","75","68","-13","16:56","5","0","0","0","0","0"
"AA","01/08/2015","1124","N3GLAA","DFW","16:57","17:19","207","224","22","17:10","9","0","0","22","0","0"
"AA","01/08/2015","1186","N3HEAA","DFW","10:41","10:44","201","209","3","10:38","6","0","0","0","0","0"
"AA","01/08/2015","1355","N3GUAA","MIA","18:25","18:30","190","196","5","18:21","9","0","0","0","0","0"
"AA","01/08/2015","1426","N3LAAA","ORD","21:49","23:10","134","120","81","23:06","4","0","38","0","0","43"
"AA","01/08/2015","1496","N3FLAA","ORD","11:10","11:38","130","124","28","11:31","7","0","28","0","0","0"
"AA","01/08/2015","1533","N5DVAA","MIA","16:11","16:13","186","181","2","16:08","5","0","0","0","0","0"
"AA","01/08/2015","1544","N3CWAA","DFW","19:25","19:17","205","199","-8","19:08","9","0","0","0","0","0"
"AA","01/08/2015","1550","N3FGAA","LAX","23:45","00:36","320","312","51","00:32","4","22","0","0","0","29"
"AA","01/08/2015","1551","N3KPAA","ORD","13:24","14:03","129","127","39","13:58","5","0","1","0","0","38"
"AA","01/08/2015","1582","N3KTAA","MIA","10:16","10:04","191","177","-12","09:58","6","0","0","0","0","0"
"AA","01/08/2015","1590","N5CFAA","DFW","21:50","21:45","200","189","-5","21:39","6","0","0","0","0","0"
"AA","01/08/2015","1612","N3LLAA","ORD","19:06","20:33","131","143","87","20:28","5","0","42","12","0","33"
"AA","01/08/2015","1625","N5ELAA","MIA","21:52","21:48","192","184","-4","21:43","5","0","0","0","0","0"
"AA","01/08/2015","1670","N3LFAA","ORD","17:13","19:41","133","151","148","19:35","6","0","75","18","0","55"
"AA","01/08/2015","2238","N3JLAA","DFW","23:35","00:28","200","201","53","00:14","14","7","0","1","0","45"
"AA","01/08/2015","2314","N3DWAA","JFK","21:35","21:45","70","66","10","21:33","12","0","0","0","0","0"
"AA","01/08/2015","2440","N3KDAA","MIA","22:54","00:00","189","0","0","00:00","0","0","0","0","0","0"
"AA","01/08/2015","2470","N635AA","DFW","12:21","14:38","201","236","137","14:33","5","0","102","35","0","0"
"AA","01/09/2015","0084","N3BFAA","JFK","08:41","09:19","71","114","38","09:13","6","0","0","38","0","0"
"AA","01/09/2015","0146","N3ERAA","MIA","00:02","23:42","182","168","-20","23:38","4","0","0","0","0","0"
"AA","01/09/2015","0186","N3JMAA","ORD","14:51","15:35","131","119","44","15:29","6","0","0","0","0","44"
"AA","01/09/2015","0193","N3FJAA","JFK","13:43","14:11","63","93","28","14:01","10","0","0","28","0","0"
"AA","01/09/2015","0222","N3JTAA","LAX","15:20","15:04","325","308","-16","15:00","4","0","0","0","0","0"
"AA","01/09/2015","0288","N3DCAA","ORD","23:14","23:31","129","115","17","23:27","4","17","0","0","0","0"
"AA","01/09/2015","1033","N850AA","MIA","12:44","12:38","194","185","-6","12:32","6","0","0","0","0","0"
"AA","01/09/2015","1065","N3ARAA","ORD","16:13","17:03","133","122","50","16:56","7","0","0","0","0","50"
"AA","01/09/2015","1096","N3CXAA","JFK","17:14","17:03","75","68","-11","16:58","5","0","0","0","0","0"
"AA","01/09/2015","1124","N3FBAA","DFW","16:57","16:31","207","185","-26","16:22","9","0","0","0","0","0"
"AA","01/09/2015","1186","N3FUAA","DFW","10:41","10:40","201","199","-1","10:32","8","0","0","0","0","0"
"AA","01/09/2015","1355","N3JBAA","MIA","18:25","18:45","190","169","20","18:41","4","4","0","0","0","16"
"AA","01/09/2015","1426","N3LFAA","ORD","21:49","22:16","134","118","27","22:10","6","27","0","0","0","0"
"AA","01/09/2015","1496","N3FLAA","ORD","11:10","10:49","130","119","-21","10:44","5","0","0","0","0","0"
"AA","01/09/2015","1533","N630AA","MIA","16:11","16:30","186","174","19","16:17","13","5","0","0","0","14"
"AA","01/09/2015","1544","N3EWAA","DFW","19:25","19:36","205","185","11","19:31","5","0","0","0","0","0"
"AA","01/09/2015","1550","N3HYAA","LAX","23:45","00:04","320","317","19","23:59","5","9","0","0","0","10"
"AA","01/09/2015","1551","N3HGAA","ORD","13:24","12:59","129","106","-25","12:56","3","0","0","0","0","0"
"AA","01/09/2015","1582","N3JBAA","MIA","10:16","10:13","191","182","-3","10:05","8","0","0","0","0","0"
"AA","01/09/2015","1590","N635AA","DFW","21:50","21:34","200","185","-16","21:29","5","0","0","0","0","0"
"AA","01/09/2015","1612","N3HRAA","ORD","19:06","19:09","131","129","3","19:05","4","0","0","0","0","0"
"AA","01/09/2015","1625","N5EJAA","MIA","21:52","21:37","192","169","-15","21:32","5","0","0","0","0","0"
"AA","01/09/2015","1670","N3KRAA","ORD","17:13","17:49","133","115","36","17:43","6","0","0","0","0","36"
"AA","01/09/2015","2238","N3CUAA","DFW","23:35","23:26","200","185","-9","23:21","5","0","0","0","0","0"
"AA","01/09/2015","2314","N3CXAA","JFK","21:35","21:58","70","71","23","21:45","13","22","0","1","0","0"
"AA","01/09/2015","2440","N3KWAA","MIA","22:54","22:35","189","169","-19","22:30","5","0","0","0","0","0"
"AA","01/09/2015","2470","N5CGAA","DFW","12:21","12:23","201","210","2","12:15","8","0","0","0","0","0"
"AA","01/10/2015","0084","N3KHAA","JFK","08:41","08:36","71","64","-5","08:32","4","0","0","0","0","0"
"AA","01/10/2015","0146","N3GVAA","MIA","00:02","00:12","182","187","10","00:07","5","0","0","0","0","0"
"AA","01/10/2015","0186","N3LXAA","ORD","14:51","15:53","131","111","62","15:47","6","0","0","0","0","62"
"AA","01/10/2015","0193","N3ELAA","JFK","13:43","13:44","63","65","1","13:40","4","0","0","0","0","0"
"AA","01/10/2015","0222","N3JLAA","LAX","15:20","14:58","325","310","-22","14:53","5","0","0","0","0","0"
"AA","01/10/2015","0288","N3KMAA","ORD","23:14","23:00","129","116","-14","22:55","5","0","0","0","0","0"
"AA","01/10/2015","1033","N855AA","MIA","12:44","12:42","194","185","-2","12:37","5","0","0","0","0","0"
"AA","01/10/2015","1065","N3JCAA","ORD","16:13","16:14","133","124","1","16:10","4","0","0","0","0","0"
"AA","01/10/2015","1096","N3BWAA","JFK","17:14","17:15","75","79","1","17:10","5","0","0","0","0","0"
"AA","01/10/2015","1124","N3FKAA","DFW","16:57","16:48","207","196","-9","16:43","5","0","0","0","0","0"
"AA","01/10/2015","1186","N3DBAA","DFW","10:41","10:36","201","200","-5","10:29","7","0","0","0","0","0"
"AA","01/10/2015","1355","N3BXAA","MIA","18:25","18:32","190","198","7","18:27","5","0","0","0","0","0"
"AA","01/10/2015","1426","N3JLAA","ORD","21:49","22:09","134","121","20","22:02","7","0","20","0","0","0"
"AA","01/10/2015","1496","N3CAAA","ORD","11:10","11:02","130","118","-8","10:56","6","0","0","0","0","0"
"AA","01/10/2015","1533","N642AA","MIA","16:11","16:08","186","181","-3","16:04","4","0","0","0","0","0"
"AA","01/10/2015","1544","N3JYAA","DFW","19:25","19:19","205","200","-6","19:14","5","0","0","0","0","0"
"AA","01/10/2015","1550","N3LMAA","LAX","23:45","23:37","320","314","-8","23:29","8","0","0","0","0","0"
"AA","01/10/2015","1582","N3HMAA","MIA","10:16","09:58","191","175","-18","09:54","4","0","0","0","0","0"
"AA","01/10/2015","1590","N5BRAA","DFW","21:50","21:56","200","200","6","21:51","5","0","0","0","0","0"
"AA","01/10/2015","1625","N5EAAA","MIA","21:52","21:42","192","179","-10","21:36","6","0","0","0","0","0"
"AA","01/10/2015","1670","N3JJAA","ORD","17:30","17:25","133","129","-5","17:19","6","0","0","0","0","0"
"AA","01/10/2015","2314","N3BLAA","JFK","21:35","21:32","70","69","-3","21:29","3","0","0","0","0","0"
"AA","01/10/2015","2440","N3FVAA","MIA","22:54","22:43","189","173","-11","22:37","6","0","0","0","0","0"
"AA","01/10/2015","2470","N5BSAA","DFW","12:21","12:26","201","203","5","12:21","5","0","0","0","0","0"
"AA","01/11/2015","0084","N3BWAA","JFK","08:41","08:32","71","63","-9","08:26","6","0","0","0","0","0"
"AA","01/11/2015","0146","N3EHAA","MIA","00:02","24:00","182","183","-2","23:55","5","0","0","0","0","0"
"AA","01/11/2015","0186","N3GDAA","ORD","14:51","14:43","131","123","-8","14:36","7","0","0","0","0","0"
"AA","01/11/2015","0192","N3KKAA","LAX","06:13","06:17","323","329","4","06:13","4","0","0","0","0","0"
"AA","01/11/2015","0193","N3JVAA","JFK","13:43","13:43","63","64","0","13:38","5","0","0","0","0","0"
"AA","01/11/2015","0202","N3LRAA","LAX","21:21","21:32","326","343","11","21:27","5","0","0","0","0","0"
"AA","01/11/2015","0222","N3MDAA","LAX","15:20","15:20","325","328","0","15:13","7","0","0","0","0","0"
"AA","01/11/2015","0288","N3KLAA","ORD","23:14","00:05","129","128","51","24:00","5","0","51","0","0","0"
"AA","01/11/2015","1033","N861AA","MIA","12:44","12:36","194","186","-8","12:32","4","0","0","0","0","0"
"AA","01/11/2015","1065","N3GBAA","ORD","16:13","00:00","133","0","0","00:00","0","0","0","0","0","0"
"AA","01/11/2015","1096","N3ACAA","JFK","17:14","17:46","75","78","32","17:42","4","29","0","3","0","0"
"AA","01/11/2015","1124","N3HTAA","DFW","16:57","17:11","207","213","14","17:00","11","0","0","0","0","0"
"AA","01/11/2015","1186","N3EEAA","DFW","10:41","10:27","201","193","-14","10:23","4","0","0","0","0","0"
"AA","01/11/2015","1355","N3APAA","MIA","18:25","19:08","190","188","43","19:03","5","32","0","0","0","11"
"AA","01/11/2015","1426","N3GDAA","ORD","21:49","22:18","134","131","29","22:14","4","0","29","0","0","0"
"AA","01/11/2015","1496","N3LWAA","ORD","11:10","11:06","130","131","-4","11:00","6","0","0","0","0","0"
"AA","01/11/2015","1533","N5EBAA","MIA","16:11","16:09","186","188","-2","16:00","9","0","0","0","0","0"
"AA","01/11/2015","1544","N3JSAA","DFW","19:25","19:24","205","206","-1","19:15","9","0","0","0","0","0"
"AA","01/11/2015","1550","N3ERAA","LAX","23:45","23:46","320","315","1","23:42","4","0","0","0","0","0"
"AA","01/11/2015","1551","N3FMAA","ORD","13:24","13:03","129","115","-21","12:59","4","0","0","0","0","0"
"AA","01/11/2015","1582","N3FJAA","MIA","10:16","10:20","191","190","4","10:15","5","0","0","0","0","0"
"AA","01/11/2015","1590","N5CCAA","DFW","21:50","21:51","200","199","1","21:47","4","0","0","0","0","0"
"AA","01/11/2015","1612","N3FTAA","ORD","19:06","18:56","131","125","-10","18:50","6","0","0","0","0","0"
"AA","01/11/2015","1625","N634AA","MIA","21:52","21:42","192","185","-10","21:36","6","0","0","0","0","0"
"AA","01/11/2015","1670","N7BUAA","ORD","17:13","19:03","133","164","110","18:14","49","79","0","31","0","0"
"AA","01/11/2015","2238","N3BYAA","DFW","23:35","23:48","200","186","13","23:44","4","0","0","0","0","0"
"AA","01/11/2015","2314","N3ACAA","JFK","21:35","22:51","70","65","76","22:46","5","8","0","0","0","68"
"AA","01/11/2015","2440","N3ASAA","MIA","22:54","23:36","189","195","42","23:31","5","1","0","6","0","35"
"AA","01/11/2015","2470","N5EPAA","DFW","12:21","00:00","201","0","0","00:00","0","0","0","0","0","0"
"AA","01/12/2015","0084","N3EVAA","JFK","08:41","08:46","71","75","5","08:35","11","0","0","0","0","0"
"AA","01/12/2015","0146","N3KXAA","MIA","00:02","00:09","182","175","7","00:04","5","0","0","0","0","0"
"AA","01/12/2015","0186","N3DDAA","ORD","14:51","14:38","131","125","-13","14:32","6","0","0","0","0","0"
"AA","01/12/2015","0192","N3DWAA","LAX","06:13","06:20","323","329","7","06:05","15","0","0","0","0","0"
"AA","01/12/2015","0193","N3JBAA","JFK","13:43","13:46","63","69","3","13:39","7","0","0","0","0","0"
"AA","01/12/2015","0222","N3HLAA","LAX","15:20","15:18","325","329","-2","15:11","7","0","0","0","0","0"
"AA","01/12/2015","0288","N3GDAA","ORD","23:14","23:45","129","130","31","23:41","4","0","30","1","0","0"
"AA","01/12/2015","1033","N856AA","MIA","12:44","12:37","194","190","-7","12:32","5","0","0","0","0","0"
"AA","01/12/2015","1065","N3GMAA","ORD","16:13","15:51","133","114","-22","15:46","5","0","0","0","0","0"
"AA","01/12/2015","1096","N3FXAA","JFK","17:14","17:31","75","96","17","17:22","9","0","0","17","0","0"
"AA","01/12/2015","1124","N3FWAA","DFW","16:57","17:11","207","211","14","17:02","9","0","0","0","0","0"
"AA","01/12/2015","1186","N3LPAA","DFW","10:41","10:43","201","205","2","10:37","6","0","0","0","0","0"
"AA","01/12/2015","1355","N3ERAA","MIA","18:25","18:24","190","172","-1","18:19","5","0","0","0","0","0"
"AA","01/12/2015","1426","N3DDAA","ORD","21:49","22:02","134","131","13","21:57","5","0","0","0","0","0"
"AA","01/12/2015","1496","N3LSAA","ORD","11:10","10:56","130","120","-14","10:48","8","0","0","0","0","0"
"AA","01/12/2015","1533","N5CRAA","MIA","16:11","16:02","186","177","-9","15:57","5","0","0","0","0","0"
"AA","01/12/2015","1544","N3ELAA","DFW","19:25","19:11","205","195","-14","19:04","7","0","0","0","0","0"
"AA","01/12/2015","1550","N3LVAA","LAX","23:45","00:04","320","334","19","23:58","6","0","0","19","0","0"
"AA","01/12/2015","1551","N3KLAA","ORD","13:24","13:29","129","139","5","13:25","4","0","0","0","0","0"
"AA","01/12/2015","1582","N3JVAA","MIA","10:16","10:17","191","191","1","10:09","8","0","0","0","0","0"
"AA","01/12/2015","1590","N5DLAA","DFW","21:50","22:02","200","195","12","21:55","7","0","0","0","0","0"
"AA","01/12/2015","1612","N3HCAA","ORD","19:06","19:42","131","130","36","19:36","6","28","0","0","0","8"
"AA","01/12/2015","1625","N5CKAA","MIA","21:52","23:19","192","180","87","23:14","5","15","0","0","0","72"
"AA","01/12/2015","1670","N3LHAA","ORD","17:13","17:09","133","134","-4","17:01","8","0","0","0","0","0"
"AA","01/12/2015","2238","N3CGAA","DFW","23:35","23:41","200","197","6","23:37","4","0","0","0","0","0"
"AA","01/12/2015","2314","N3FXAA","JFK","21:35","22:28","70","64","53","22:23","5","4","0","0","0","49"
"AA","01/12/2015","2440","N3EWAA","MIA","22:54","23:57","189","186","63","23:44","13","34","0","0","0","29"
"AA","01/12/2015","2470","N5DLAA","DFW","12:21","12:21","201","204","0","12:16","5","0","0","0","0","0"
"AA","01/13/2015","0084","N3JEAA","JFK","08:41","08:27","71","56","-14","08:23","4","0","0","0","0","0"
"AA","01/13/2015","0146","N3KVAA","MIA","00:02","23:41","182","164","-21","23:37","4","0","0","0","0","0"
"AA","01/13/2015","0186","N3FWAA","ORD","14:51","14:39","131","128","-12","14:32","7","0","0","0","0","0"
"AA","01/13/2015","0193","N3JUAA","JFK","13:43","13:28","63","54","-15","13:21","7","0","0","0","0","0"
"AA","01/13/2015","0222","N3ADAA","LAX","15:20","14:58","325","312","-22","14:52","6","0","0","0","0","0"
"AA","01/13/2015","0288","N3GGAA","ORD","23:14","23:17","129","134","3","23:07","10","0","0","0","0","0"
"AA","01/13/2015","1033","N854AA","MIA","12:44","13:30","194","192","46","13:23","7","46","0","0","0","0"
"AA","01/13/2015","1065","N3JEAA","ORD","16:13","15:59","133","126","-14","15:55","4","0","0","0","0","0"
"AA","01/13/2015","1096","N3HJAA","JFK","17:15","17:08","75","77","-7","17:01","7","0","0","0","0","0"
"AA","01/13/2015","1124","N3EDAA","DFW","16:57","17:04","207","203","7","16:57","7","0","0","0","0","0"
"AA","01/13/2015","1186","N3GFAA","DFW","10:41","10:35","201","199","-6","10:29","6","0","0","0","0","0"
"AA","01/13/2015","1355","N3CEAA","MIA","18:25","18:07","190","171","-18","17:59","8","0","0","0","0","0"
"AA","01/13/2015","1426","N3FWAA","ORD","21:49","21:39","134","124","-10","21:33","6","0","0","0","0","0"
"AA","01/13/2015","1496","N3KTAA","ORD","11:10","11:19","130","126","9","11:13","6","0","0","0","0","0"
"AA","01/13/2015","1533","N5CDAA","MIA","16:11","15:52","186","171","-19","15:46","6","0","0","0","0","0"
"AA","01/13/2015","1544","N3GKAA","DFW","19:25","19:56","205","199","31","19:50","6","0","0","0","0","31"
"AA","01/13/2015","1550","N3EEAA","LAX","23:45","23:35","320","312","-10","23:31","4","0","0","0","0","0"
"AA","01/13/2015","1551","N3FPAA","ORD","13:24","13:11","129","120","-13","13:08","3","0","0","0","0","0"
"AA","01/13/2015","1582","N3JBAA","MIA","10:16","09:51","191","168","-25","09:41","10","0","0","0","0","0"
"AA","01/13/2015","1590","N5EPAA","DFW","21:50","21:49","200","203","-1","21:42","7","0","0","0","0","0"
"AA","01/13/2015","1612","N3AEAA","ORD","19:06","18:55","131","124","-11","18:48","7","0","0","0","0","0"
"AA","01/13/2015","1625","N5CGAA","MIA","21:52","21:56","192","174","4","21:49","7","0","0","0","0","0"
"AA","01/13/2015","1670","N3GHAA","ORD","17:13","17:42","133","140","29","17:32","10","9","0","7","0","13"
"AA","01/13/2015","2238","N3KRAA","DFW","23:35","23:47","200","204","12","23:43","4","0","0","0","0","0"
"AA","01/13/2015","2314","N3HJAA","JFK","21:35","21:14","70","55","-21","21:08","6","0","0","0","0","0"
"AA","01/13/2015","2440","N3ECAA","MIA","22:54","22:25","189","165","-29","22:18","7","0","0","0","0","0"
"AA","01/13/2015","2470","N633AA","DFW","12:21","12:19","201","198","-2","12:13","6","0","0","0","0","0"
"AA","01/14/2015","0084","N3GTAA","JFK","08:41","09:19","71","65","38","09:07","12","38","0","0","0","0"
"AA","01/14/2015","0146","N3KSAA","MIA","00:02","24:00","182","185","-2","23:53","7","0","0","0","0","0"
"AA","01/14/2015","0186","N3KVAA","ORD","14:51","15:51","131","131","60","15:42","9","5","0","0","0","55"
"AA","01/14/2015","0192","N3BDAA","LAX","06:13","06:21","323","327","8","06:14","7","0","0","0","0","0"
"AA","01/14/2015","0193","N3ARAA","JFK","13:43","13:35","63","62","-8","13:25","10","0","0","0","0","0"
"AA","01/14/2015","0222","N3LSAA","LAX","15:20","15:26","325","337","6","15:19","7","0","0","0","0","0"
"AA","01/14/2015","0288","N3FXAA","ORD","23:14","23:13","129","126","-1","23:06","7","0","0","0","0","0"
"AA","01/14/2015","1033","N850AA","MIA","12:44","14:24","194","192","100","14:15","9","0","100","0","0","0"
"AA","01/14/2015","1065","N3CBAA","ORD","16:13","16:10","133","136","-3","16:04","6","0","0","0","0","0"
"AA","01/14/2015","1096","N3EVAA","JFK","17:15","17:03","75","68","-12","16:56","7","0","0","0","0","0"
"AA","01/14/2015","1124","N3CUAA","DFW","16:57","16:47","207","196","-10","16:41","6","0","0","0","0","0"
"AA","01/14/2015","1186","N3LBAA","DFW","10:41","10:27","201","192","-14","10:21","6","0","0","0","0","0"
"AA","01/14/2015","1355","N3DSAA","MIA","18:25","21:18","190","182","173","21:10","8","173","0","0","0","0"
"AA","01/14/2015","1426","N3LVAA","ORD","21:49","21:45","134","131","-4","21:34","11","0","0","0","0","0"
"AA","01/14/2015","1496","N3BVAA","ORD","11:10","11:06","130","131","-4","10:58","8","0","0","0","0","0"
"AA","01/14/2015","1533","N5BSAA","MIA","16:11","16:08","186","184","-3","16:01","7","0","0","0","0","0"
"AA","01/14/2015","1544","N3EUAA","DFW","19:25","19:25","205","200","0","19:17","8","0","0","0","0","0"
"AA","01/14/2015","1550","N3ACAA","LAX","23:45","23:52","320","336","7","23:44","8","0","0","0","0","0"
"AA","01/14/2015","1551","N3HJAA","ORD","13:24","13:16","129","128","-8","13:11","5","0","0","0","0","0"
"AA","01/14/2015","1582","N3DEAA","MIA","10:16","10:12","191","181","-4","10:04","8","0","0","0","0","0"
"AA","01/14/2015","1590","N5BYAA","DFW","21:50","21:45","200","196","-5","21:38","7","0","0","0","0","0"
"AA","01/14/2015","1612","N3FUAA","ORD","19:06","19:30","131","160","24","19:18","12","0","0","24","0","0"
"AA","01/14/2015","1625","N5CPAA","MIA","21:52","21:47","192","188","-5","21:42","5","0","0","0","0","0"
"AA","01/14/2015","1670","N3EBAA","ORD","17:13","17:11","133","131","-2","17:04","7","0","0","0","0","0"
"AA","01/14/2015","2238","N3DMAA","DFW","23:35","23:42","200","195","7","23:38","4","0","0","0","0","0"
"AA","01/14/2015","2314","N3EVAA","JFK","21:35","21:27","70","54","-8","21:22","5","0","0","0","0","0"
"AA","01/14/2015","2440","N3EAAA","MIA","22:54","22:38","189","179","-16","22:31","7","0","0","0","0","0"
"AA","01/14/2015","2470","N5BTAA","DFW","12:21","12:25","201","212","4","12:18","7","0","0","0","0","0"
"AA","01/15/2015","0084","N3AKAA","JFK","08:41","08:31","71","66","-10","08:22","9","0","0","0","0","0"
"AA","01/15/2015","0146","N3FJAA","MIA","00:02","00:03","182","184","1","23:57","6","0","0","0","0","0"
"AA","01/15/2015","0186","N3GKAA","ORD","14:51","14:38","131","127","-13","14:32","6","0","0","0","0","0"
"AA","01/15/2015","0192","N3BRAA","LAX","06:13","06:07","323","320","-6","05:58","9","0","0","0","0","0"
"AA","01/15/2015","0193","N3ELAA","JFK","13:43","13:39","63","64","-4","13:32","7","0","0","0","0","0"
"AA","01/15/2015","0202","N3EUAA","LAX","21:21","21:32","326","342","11","21:25","7","0","0","0","0","0"
"AA","01/15/2015","0222","N3BRAA","LAX","15:20","15:07","325","320","-13","15:01","6","0","0","0","0","0"
"AA","01/15/2015","0288","N3DSAA","ORD","23:14","23:15","129","127","1","23:09","6","0","0","0","0","0"
"AA","01/15/2015","1033","N859AA","MIA","12:44","12:25","194","179","-19","12:15","10","0","0","0","0","0"
"AA","01/15/2015","1065","N3FRAA","ORD","16:13","15:53","133","123","-20","15:48","5","0","0","0","0","0"
"AA","01/15/2015","1096","N3FSAA","JFK","17:15","17:52","75","79","37","17:44","8","0","0","37","0","0"
"AA","01/15/2015","1124","N3DXAA","DFW","16:57","16:56","207","202","-1","16:51","5","0","0","0","0","0"
"AA","01/15/2015","1186","N3ESAA","DFW","10:41","10:37","201","198","-4","10:30","7","0","0","0","0","0"
"AA","01/15/2015","1355","N3GLAA","MIA","18:25","18:24","190","189","-1","18:19","5","0","0","0","0","0"
"AA","01/15/2015","1426","N3GKAA","ORD","21:49","21:48","134","135","-1","21:39","9","0","0","0","0","0"
"AA","01/15/2015","1496","N3LTAA","ORD","11:10","11:29","130","130","19","11:22","7","19","0","0","0","0"
"AA","01/15/2015","1533","N635AA","MIA","16:11","15:59","186","179","-12","15:52","7","0","0","0","0","0"
"AA","01/15/2015","1544","N3ENAA","DFW","19:25","19:25","205","206","0","19:09","16","0","0","0","0","0"
"AA","01/15/2015","1550","N3GVAA","LAX","23:45","02:03","320","333","138","01:57","6","109","0","13","0","16"
"AA","01/15/2015","1551","N3ACAA","ORD","13:24","13:11","129","123","-13","13:08","3","0","0","0","0","0"
"AA","01/15/2015","1582","N3CBAA","MIA","10:16","10:15","191","187","-1","10:06","9","0","0","0","0","0"
"AA","01/15/2015","1590","N5EMAA","DFW","21:50","23:19","200","218","89","23:13","6","21","0","18","0","50"
"AA","01/15/2015","1612","N3FLAA","ORD","19:06","19:28","131","148","22","19:17","11","0","0","22","0","0"
"AA","01/15/2015","1625","N5EKAA","MIA","21:52","22:30","192","188","38","22:23","7","16","0","0","0","22"
"AA","01/15/2015","1670","N3APAA","ORD","17:13","17:10","133","135","-3","17:03","7","0","0","0","0","0"
"AA","01/15/2015","2238","N3JDAA","DFW","23:35","00:22","200","223","47","00:17","5","13","0","23","0","11"
"AA","01/15/2015","2314","N3FSAA","JFK","21:35","21:48","70","53","13","21:41","7","0","0","0","0","0"
"AA","01/15/2015","2440","N3EGAA","MIA","22:54","22:35","189","174","-19","22:31","4","0","0","0","0","0"
"AA","01/15/2015","2470","N5DGAA","DFW","12:21","12:18","201","202","-3","12:10","8","0","0","0","0","0"
"AA","01/16/2015","0084","N3HFAA","JFK","08:41","08:52","71","81","11","08:43","9","0","0","0","0","0"
"AA","01/16/2015","0146","N3AHAA","MIA","00:02","00:14","182","194","12","00:09","5","0","0","0","0","0"
"AA","01/16/2015","0186","N3JJAA","ORD","14:51","14:46","131","129","-5","14:38","8","0","0","0","0","0"
"AA","01/16/2015","0193","N3BTAA","JFK","13:43","14:02","63","81","19","13:55","7","0","0","19","0","0"
"AA","01/16/2015","0222","N3LRAA","LAX","15:20","15:18","325","327","-2","15:14","4","0","0","0","0","0"
"AA","01/16/2015","0288","N3KNAA","ORD","23:14","23:41","129","125","27","23:38","3","11","0","0","0","16"
"AA","01/16/2015","1033","N855AA","MIA","12:44","12:37","194","185","-7","12:33","4","0","0","0","0","0"
"AA","01/16/2015","1065","N3FLAA","ORD","16:13","15:58","133","120","-15","15:53","5","0","0","0","0","0"
"AA","01/16/2015","1096","N3DBAA","JFK","17:15","17:06","75","72","-9","16:58","8","0","0","0","0","0"
"AA","01/16/2015","1124","N3CJAA","DFW","16:57","16:51","207","204","-6","16:47","4","0","0","0","0","0"
"AA","01/16/2015","1186","N3FXAA","DFW","10:41","10:47","201","209","6","10:38","9","0","0","0","0","0"
"AA","01/16/2015","1355","N3LGAA","MIA","18:25","18:30","190","196","5","18:25","5","0","0","0","0","0"
"AA","01/16/2015","1426","N3JJAA","ORD","21:49","21:51","134","136","2","21:47","4","0","0","0","0","0"
"AA","01/16/2015","1496","N3MEAA","ORD","11:10","10:49","130","114","-21","10:44","5","0","0","0","0","0"
"AA","01/16/2015","1533","N5FNAA","MIA","16:11","16:21","186","202","10","16:14","7","0","0","0","0","0"
"AA","01/16/2015","1544","N3HWAA","DFW","19:25","19:25","205","201","0","19:21","4","0","0","0","0","0"
"AA","01/16/2015","1550","N3HMAA","LAX","23:45","00:10","320","322","25","00:07","3","23","0","2","0","0"
"AA","01/16/2015","1551","N3DSAA","ORD","13:24","13:17","129","123","-7","13:13","4","0","0","0","0","0"
"AA","01/16/2015","1582","N3EMAA","MIA","10:16","10:25","191","201","9","10:19","6","0","0","0","0","0"
"AA","01/16/2015","1590","N5DVAA","DFW","21:50","21:54","200","201","4","21:50","4","0","0","0","0","0"
"AA","01/16/2015","1612","N3CBAA","ORD","19:06","19:52","131","127","46","19:47","5","6","0","0","0","40"
"AA","01/16/2015","1625","N634AA","MIA","21:52","22:25","192","205","33","22:20","5","0","0","13","0","20"
"AA","01/16/2015","1670","N3ALAA","ORD","17:13","17:07","133","130","-6","17:02","5","0","0","0","0","0"
"AA","01/16/2015","2238","N3DXAA","DFW","23:35","23:46","200","213","11","23:42","4","0","0","0","0","0"
"AA","01/16/2015","2314","N3DBAA","JFK","21:35","22:31","70","67","56","22:25","6","33","0","0","0","23"
"AA","01/16/2015","2440","N3ESAA","MIA","22:54","23:05","189","195","11","22:59","6","0","0","0","0","0"
"AA","01/16/2015","2470","N5DVAA","DFW","12:21","12:25","201","212","4","12:19","6","0","0","0","0","0"
"AA","01/17/2015","0084","N3FLAA","JFK","08:41","09:05","71","67","24","09:00","5","24","0","0","0","0"
"AA","01/17/2015","0146","N3DUAA","MIA","00:02","00:20","182","177","18","00:16","4","18","0","0","0","0"
"AA","01/17/2015","0186","N3BNAA","ORD","14:51","14:37","131","121","-14","14:31","6","0","0","0","0","0"
"AA","01/17/2015","0193","N3GTAA","JFK","13:43","13:30","63","52","-13","13:27","3","0","0","0","0","0"
"AA","01/17/2015","0288","N3DHAA","ORD","23:14","23:00","129","118","-14","22:55","5","0","0","0","0","0"
"AA","01/17/2015","1033","N7BRAA","MIA","12:44","12:44","194","190","0","12:39","5","0","0","0","0","0"
"AA","01/17/2015","1065","N3KGAA","ORD","16:13","16:01","133","121","-12","15:52","9","0","0","0","0","0"
"AA","01/17/2015","1096","N3FMAA","JFK","17:15","17:04","75","65","-11","16:59","5","0","0","0","0","0"
"AA","01/17/2015","1124","N3EVAA","DFW","16:57","16:41","207","192","-16","16:37","4","0","0","0","0","0"
"AA","01/17/2015","1186","N3FGAA","DFW","10:41","10:40","201","203","-1","10:33","7","0","0","0","0","0"
"AA","01/17/2015","1355","N3BVAA","MIA","18:25","18:21","190","187","-4","18:16","5","0","0","0","0","0"
"AA","01/17/2015","1426","N3CDAA","ORD","21:49","21:39","134","118","-10","21:36","3","0","0","0","0","0"
"AA","01/17/2015","1496","N3LKAA","ORD","11:10","10:57","130","123","-13","10:51","6","0","0","0","0","0"
"AA","01/17/2015","1533","N5CKAA","MIA","16:11","16:16","186","195","5","16:10","6","0","0","0","0","0"
"AA","01/17/2015","1544","N3BLAA","DFW","19:25","19:18","205","195","-7","19:13","5","0","0","0","0","0"
"AA","01/17/2015","1550","N3LPAA","LAX","23:45","23:41","320","322","-4","23:37","4","0","0","0","0","0"
"AA","01/17/2015","1582","N3HBAA","MIA","10:16","10:06","191","185","-10","10:01","5","0","0","0","0","0"
"AA","01/17/2015","1590","N5BVAA","DFW","21:50","21:44","200","195","-6","21:39","5","0","0","0","0","0"
"AA","01/17/2015","1625","N5BYAA","MIA","21:52","23:04","192","185","72","22:59","5","72","0","0","0","0"
"AA","01/17/2015","1670","N3KHAA","ORD","17:13","17:05","133","127","-8","16:54","11","0","0","0","0","0"
"AA","01/17/2015","2314","N3LMAA","JFK","21:35","21:31","70","61","-4","21:26","5","0","0","0","0","0"
"AA","01/17/2015","2440","N3DEAA","MIA","22:54","23:19","189","199","25","23:14","5","0","0","10","0","15"
"AA","01/17/2015","2470","N5BRAA","DFW","12:21","12:14","201","199","-7","12:11","3","0","0","0","0","0"
"AA","01/18/2015","0084","N3BDAA","JFK","08:41","08:23","71","57","-18","08:19","4","0","0","0","0","0"
"AA","01/18/2015","0146","N3KMAA","MIA","00:02","00:10","182","173","8","00:06","4","0","0","0","0","0"
"AA","01/18/2015","0186","N3GKAA","ORD","14:51","14:36","131","123","-15","14:32","4","0","0","0","0","0"
"AA","01/18/2015","0192","N3BTAA","LAX","06:13","05:58","323","311","-15","05:53","5","0","0","0","0","0"
"AA","01/18/2015","0193","N3GBAA","JFK","13:43","13:37","63","61","-6","13:33","4","0","0","0","0","0"
"AA","01/18/2015","0202","N3FWAA","LAX","21:21","21:16","326","321","-5","21:11","5","0","0","0","0","0"
"AA","01/18/2015","0222","N3MDAA","LAX","15:20","15:33","325","338","13","15:29","4","0","0","0","0","0"
"AA","01/18/2015","0288","N3CDAA","ORD","23:14","23:28","129","132","14","23:23","5","0","0","0","0","0"
"AA","01/18/2015","1033","N856AA","MIA","12:44","12:49","194","196","5","12:45","4","0","0","0","0","0"
"AA","01/18/2015","1065","N3ECAA","ORD","16:13","15:58","133","124","-15","15:52","6","0","0","0","0","0"
"AA","01/18/2015","1096","N3FXAA","JFK","17:15","17:50","75","104","35","17:43","7","0","0","35","0","0"
"AA","01/18/2015","1186","N3GAAA","DFW","10:41","10:37","201","204","-4","10:31","6","0","0","0","0","0"
"AA","01/18/2015","1355","N3AUAA","MIA","18:25","18:15","190","184","-10","18:11","4","0","0","0","0","0"
"AA","01/18/2015","1426","N3GKAA","ORD","21:49","21:50","134","132","1","21:45","5","0","0","0","0","0"
"AA","01/18/2015","1496","N3LNAA","ORD","11:10","10:55","130","120","-15","10:50","5","0","0","0","0","0"
"AA","01/18/2015","1533","N5CKAA","MIA","16:11","16:54","186","176","43","16:48","6","29","0","0","0","14"
"AA","01/18/2015","1544","N3EHAA","DFW","19:25","19:33","205","210","8","19:25","8","0","0","0","0","0"
"AA","01/18/2015","1550","N3ESAA","LAX","23:45","00:59","320","313","74","00:54","5","33","0","0","0","41"
"AA","01/18/2015","1551","N3CGAA","ORD","13:24","13:31","129","122","7","13:27","4","0","0","0","0","0"
"AA","01/18/2015","1582","N3GTAA","MIA","10:16","10:38","191","187","22","10:26","12","22","0","0","0","0"
"AA","01/18/2015","1590","N5CEAA","DFW","21:50","22:06","200","214","16","22:00","6","0","0","16","0","0"
"AA","01/18/2015","1612","N3LEAA","ORD","19:06","19:28","131","126","22","19:23","5","0","0","0","0","22"
"AA","01/18/2015","1625","N5CDAA","MIA","21:52","22:10","192","188","18","22:05","5","16","0","0","0","2"
"AA","01/18/2015","1670","N3CLAA","ORD","17:13","17:21","133","146","8","17:15","6","0","0","0","0","0"
"AA","01/18/2015","2238","N3BHAA","DFW","23:35","00:09","200","211","34","00:01","8","19","0","11","0","4"
"AA","01/18/2015","2314","N3FXAA","JFK","21:35","21:52","70","72","17","21:47","5","0","0","2","0","15"
"AA","01/18/2015","2440","N3FTAA","MIA","22:54","22:42","189","178","-12","22:37","5","0","0","0","0","0"
"AA","01/18/2015","2470","N5CPAA","DFW","12:21","12:40","201","222","19","12:30","10","0","0","19","0","0"
"AA","01/19/2015","0084","N3EBAA","JFK","08:41","08:33","71","67","-8","08:28","5","0","0","0","0","0"
"AA","01/19/2015","0146","N3GLAA","MIA","00:02","23:56","182","177","-6","23:51","5","0","0","0","0","0"
"AA","01/19/2015","0186","N3DYAA","ORD","14:51","14:52","131","122","1","14:48","4","0","0","0","0","0"
"AA","01/19/2015","0192","N3BHAA","LAX","06:13","05:55","323","312","-18","05:50","5","0","0","0","0","0"
"AA","01/19/2015","0193","N3GBAA","JFK","13:43","13:42","63","64","-1","13:36","6","0","0","0","0","0"
"AA","01/19/2015","0222","N3MBAA","LAX","15:20","15:08","325","317","-12","15:03","5","0","0","0","0","0"
"AA","01/19/2015","0288","N3DBAA","ORD","23:14","23:03","129","122","-11","22:58","5","0","0","0","0","0"
"AA","01/19/2015","1033","N855AA","MIA","12:44","12:27","194","179","-17","12:23","4","0","0","0","0","0"
"AA","01/19/2015","1065","N3KUAA","ORD","16:13","15:49","133","116","-24","15:44","5","0","0","0","0","0"
"AA","01/19/2015","1096","N3KYAA","JFK","17:15","17:15","75","81","0","17:09","6","0","0","0","0","0"
"AA","01/19/2015","1124","N3BSAA","DFW","16:57","17:02","207","210","5","16:55","7","0","0","0","0","0"
"AA","01/19/2015","1186","N3DSAA","DFW","10:41","10:35","201","198","-6","10:31","4","0","0","0","0","0"
"AA","01/19/2015","1355","N3DWAA","MIA","18:25","18:24","190","196","-1","18:19","5","0","0","0","0","0"
"AA","01/19/2015","1426","N3DYAA","ORD","21:49","21:30","134","121","-19","21:25","5","0","0","0","0","0"
"AA","01/19/2015","1496","N3LEAA","ORD","11:10","11:00","130","120","-10","10:56","4","0","0","0","0","0"
"AA","01/19/2015","1533","N5CGAA","MIA","16:11","16:09","186","185","-2","16:04","5","0","0","0","0","0"
"AA","01/19/2015","1544","N3CTAA","DFW","19:25","19:20","205","203","-5","19:13","7","0","0","0","0","0"
"AA","01/19/2015","1550","N3FSAA","LAX","23:45","00:24","320","310","39","00:21","3","0","0","0","0","39"
"AA","01/19/2015","1551","N3KFAA","ORD","13:24","12:59","129","111","-25","12:56","3","0","0","0","0","0"
"AA","01/19/2015","1582","N3GMAA","MIA","10:16","10:27","191","175","11","10:22","5","0","0","0","0","0"
"AA","01/19/2015","1590","N5BVAA","DFW","21:50","21:55","200","203","5","21:50","5","0","0","0","0","0"
"AA","01/19/2015","1612","N3DMAA","ORD","19:06","18:59","131","125","-7","18:53","6","0","0","0","0","0"
"AA","01/19/2015","1625","N5DYAA","MIA","21:52","22:14","192","195","22","22:07","7","19","0","3","0","0"
"AA","01/19/2015","1670","N3LXAA","ORD","17:13","17:07","133","127","-6","17:03","4","0","0","0","0","0"
"AA","01/19/2015","2238","N3JXAA","DFW","23:35","23:34","200","199","-1","23:30","4","0","0","0","0","0"
"AA","01/19/2015","2314","N3KYAA","JFK","21:35","22:18","70","73","43","22:12","6","0","0","3","0","40"
"AA","01/19/2015","2440","N3CFAA","MIA","22:54","22:44","189","180","-10","22:39","5","0","0","0","0","0"
"AA","01/19/2015","2470","N5EKAA","DFW","12:21","12:17","201","197","-4","12:12","5","0","0","0","0","0"
"AA","01/20/2015","0084","N3JEAA","JFK","08:41","08:21","71","57","-20","08:17","4","0","0","0","0","0"
"AA","01/20/2015","0146","N3FKAA","MIA","00:02","00:24","182","202","22","00:12","12","0","0","22","0","0"
"AA","01/20/2015","0186","N3CKAA","ORD","14:51","14:41","131","124","-10","14:36","5","0","0","0","0","0"
"AA","01/20/2015","0193","N3EPAA","JFK","13:43","13:29","63","55","-14","13:24","5","0","0","0","0","0"
"AA","01/20/2015","0222","N3LNAA","LAX","15:20","15:03","325","315","-17","14:58","5","0","0","0","0","0"
"AA","01/20/2015","0288","N3HFAA","ORD","23:14","23:36","129","129","22","23:30","6","0","22","0","0","0"
"AA","01/20/2015","1033","N853AA","MIA","12:44","12:23","194","181","-21","12:18","5","0","0","0","0","0"
"AA","01/20/2015","1065","N3CTAA","ORD","16:13","15:55","133","123","-18","15:51","4","0","0","0","0","0"
"AA","01/20/2015","1096","N3EVAA","JFK","17:15","17:11","75","76","-4","17:04","7","0","0","0","0","0"
"AA","01/20/2015","1124","N3HJAA","DFW","16:57","17:12","207","212","15","17:07","5","10","0","5","0","0"
"AA","01/20/2015","1186","N3ADAA","DFW","10:41","10:37","201","198","-4","10:29","8","0","0","0","0","0"
"AA","01/20/2015","1355","N3HKAA","MIA","18:25","18:13","190","178","-12","18:08","5","0","0","0","0","0"
"AA","01/20/2015","1426","N3CKAA","ORD","21:49","21:34","134","125","-15","21:30","4","0","0","0","0","0"
"AA","01/20/2015","1496","N3MEAA","ORD","11:10","11:01","130","121","-9","10:56","5","0","0","0","0","0"
"AA","01/20/2015","1533","N5ELAA","MIA","16:11","15:54","186","169","-17","15:49","5","0","0","0","0","0"
"AA","01/20/2015","1544","N3JRAA","DFW","19:25","19:24","205","201","-1","19:19","5","0","0","0","0","0"
"AA","01/20/2015","1550","N3CJAA","LAX","23:45","00:38","320","332","53","00:28","10","0","0","12","0","41"
"AA","01/20/2015","1551","N3DYAA","ORD","13:24","13:04","129","115","-20","13:01","3","0","0","0","0","0"
"AA","01/20/2015","1582","N3GBAA","MIA","10:16","10:00","191","174","-16","09:56","4","0","0","0","0","0"
"AA","01/20/2015","1590","N5BTAA","DFW","21:50","21:45","200","197","-5","21:40","5","0","0","0","0","0"
"AA","01/20/2015","1612","N3BCAA","ORD","19:06","19:26","131","130","20","19:21","5","19","0","0","0","1"
"AA","01/20/2015","1625","N631AA","MIA","21:52","21:39","192","182","-13","21:33","6","0","0","0","0","0"
"AA","01/20/2015","1670","N3JVAA","ORD","17:13","17:19","133","142","6","17:15","4","0","0","0","0","0"
"AA","01/20/2015","2238","N3FMAA","DFW","23:35","23:36","200","204","1","23:33","3","0","0","0","0","0"
"AA","01/20/2015","2314","N3EVAA","JFK","21:35","21:15","70","56","-20","21:11","4","0","0","0","0","0"
"AA","01/20/2015","2440","N3DSAA","MIA","22:54","22:38","189","181","-16","22:33","5","0","0","0","0","0"
"AA","01/20/2015","2470","N5DHAA","DFW","12:21","12:19","201","203","-2","12:14","5","0","0","0","0","0"
"AA","01/21/2015","0084","N3GGAA","JFK","08:41","08:32","71","66","-9","08:24","8","0","0","0","0","0"
"AA","01/21/2015","0146","N3AYAA","MIA","00:02","23:54","182","179","-8","23:46","8","0","0","0","0","0"
"AA","01/21/2015","0186","N3JYAA","ORD","14:51","14:53","131","131","2","14:45","8","0","0","0","0","0"
"AA","01/21/2015","0192","N3LGAA","LAX","06:13","05:49","323","307","-24","05:45","4","0","0","0","0","0"
"AA","01/21/2015","0193","N3GNAA","JFK","13:43","13:32","63","58","-11","13:24","8","0","0","0","0","0"
"AA","01/21/2015","0222","N3LEAA","LAX","15:20","14:54","325","307","-26","14:50","4","0","0","0","0","0"
"AA","01/21/2015","0288","N3JRAA","ORD","23:14","23:08","129","127","-6","23:01","7","0","0","0","0","0"
"AA","01/21/2015","1033","N856AA","MIA","12:44","12:26","194","181","-18","12:18","8","0","0","0","0","0"
"AA","01/21/2015","1065","N3LCAA","ORD","16:13","16:14","133","126","1","16:08","6","0","0","0","0","0"
"AA","01/21/2015","1096","N3GFAA","JFK","17:15","16:58","75","62","-17","16:52","6","0","0","0","0","0"
"AA","01/21/2015","1124","N3ANAA","DFW","16:57","16:45","207","197","-12","16:38","7","0","0","0","0","0"
"AA","01/21/2015","1186","N3HJAA","DFW","10:41","10:30","201","192","-11","10:21","9","0","0","0","0","0"
"AA","01/21/2015","1355","N3GTAA","MIA","18:25","18:40","190","206","15","18:33","7","0","0","15","0","0"
"AA","01/21/2015","1426","N3ESAA","ORD","21:49","21:49","134","138","0","21:41","8","0","0","0","0","0"
"AA","01/21/2015","1496","N3MAAA","ORD","11:10","11:13","130","132","3","11:06","7","0","0","0","0","0"
"AA","01/21/2015","1533","N5BYAA","MIA","16:11","15:55","186","174","-16","15:51","4","0","0","0","0","0"
"AA","01/21/2015","1544","N3KAAA","DFW","19:25","19:11","205","193","-14","19:04","7","0","0","0","0","0"
"AA","01/21/2015","1550","N3GLAA","LAX","23:45","23:58","320","334","13","23:52","6","0","0","0","0","0"
"AA","01/21/2015","1551","N3GWAA","ORD","13:24","13:11","129","125","-13","13:09","2","0","0","0","0","0"
"AA","01/21/2015","1582","N3JSAA","MIA","10:16","10:14","191","193","-2","10:08","6","0","0","0","0","0"
"AA","01/21/2015","1590","N5DUAA","DFW","21:50","21:37","200","190","-13","21:30","7","0","0","0","0","0"
"AA","01/21/2015","1612","N3HYAA","ORD","19:06","19:20","131","145","14","19:05","15","0","0","0","0","0"
"AA","01/21/2015","1625","N5DXAA","MIA","21:52","21:43","192","182","-9","21:35","8","0","0","0","0","0"
"AA","01/21/2015","1670","N3FXAA","ORD","17:13","17:18","133","125","5","17:09","9","0","0","0","0","0"
"AA","01/21/2015","2238","N3EXAA","DFW","23:35","23:12","200","181","-23","23:06","6","0","0","0","0","0"
"AA","01/21/2015","2314","N3GFAA","JFK","21:35","21:20","70","65","-15","21:15","5","0","0","0","0","0"
"AA","01/21/2015","2440","N3LKAA","MIA","22:54","23:04","189","202","10","22:32","32","0","0","0","0","0"
"AA","01/21/2015","2470","N5CHAA","DFW","12:21","12:09","201","194","-12","11:58","11","0","0","0","0","0"
"AA","01/22/2015","0084","N3KGAA","JFK","08:41","08:29","71","64","-12","08:23","6","0","0","0","0","0"
"AA","01/22/2015","0146","N3CXAA","MIA","00:02","23:57","182","183","-5","23:53","4","0","0","0","0","0"
"AA","01/22/2015","0186","N3KEAA","ORD","14:51","14:33","131","117","-18","14:29","4","0","0","0","0","0"
"AA","01/22/2015","0192","N3JJAA","LAX","06:13","06:14","323","322","1","06:06","8","0","0","0","0","0"
"AA","01/22/2015","0193","N3HTAA","JFK","13:43","13:37","63","59","-6","13:32","5","0","0","0","0","0"
"AA","01/22/2015","0202","N3LVAA","LAX","21:21","21:16","326","314","-5","21:12","4","0","0","0","0","0"
"AA","01/22/2015","0222","N3KWAA","LAX","15:20","15:15","325","323","-5","15:09","6","0","0","0","0","0"
"AA","01/22/2015","0288","N3KAAA","ORD","23:14","23:18","129","135","4","23:02","16","0","0","0","0","0"
"AA","01/22/2015","1033","N858AA","MIA","12:44","12:27","194","175","-17","12:23","4","0","0","0","0","0"
"AA","01/22/2015","1065","N3AKAA","ORD","16:13","16:02","133","130","-11","15:55","7","0","0","0","0","0"
"AA","01/22/2015","1096","N3GGAA","JFK","17:15","16:54","75","60","-21","16:50","4","0","0","0","0","0"
"AA","01/22/2015","1124","N3HUAA","DFW","16:57","16:38","207","188","-19","16:31","7","0","0","0","0","0"
"AA","01/22/2015","1186","N3CNAA","DFW","10:41","10:33","201","197","-8","10:28","5","0","0","0","0","0"
"AA","01/22/2015","1355","N3FNAA","MIA","18:25","18:22","190","187","-3","18:11","11","0","0","0","0","0"
"AA","01/22/2015","1426","N3KEAA","ORD","21:49","21:45","134","126","-4","21:41","4","0","0","0","0","0"
"AA","01/22/2015","1496","N3LNAA","ORD","11:10","10:53","130","121","-17","10:48","5","0","0","0","0","0"
"AA","01/22/2015","1533","N5ELAA","MIA","16:11","16:03","186","179","-8","15:57","6","0","0","0","0","0"
"AA","01/22/2015","1544","N3LGAA","DFW","19:25","19:06","205","192","-19","18:59","7","0","0","0","0","0"
"AA","01/22/2015","1550","N3KJAA","LAX","23:45","23:42","320","316","-3","23:37","5","0","0","0","0","0"
"AA","01/22/2015","1551","N3GFAA","ORD","13:24","13:08","129","119","-16","13:04","4","0","0","0","0","0"
"AA","01/22/2015","1582","N3GNAA","MIA","10:16","10:13","191","191","-3","10:08","5","0","0","0","0","0"
"AA","01/22/2015","1590","N5EGAA","DFW","21:50","22:13","200","192","23","22:08","5","23","0","0","0","0"
"AA","01/22/2015","1612","N3DXAA","ORD","19:06","18:58","131","124","-8","18:50","8","0","0","0","0","0"
"AA","01/22/2015","1625","N635AA","MIA","21:52","21:34","192","179","-18","21:30","4","0","0","0","0","0"
"AA","01/22/2015","1670","N3EPAA","ORD","17:13","17:16","133","140","3","17:09","7","0","0","0","0","0"
"AA","01/22/2015","2238","N3GSAA","DFW","23:35","23:31","200","193","-4","23:28","3","0","0","0","0","0"
"AA","01/22/2015","2314","N3GGAA","JFK","21:35","21:35","70","74","0","21:31","4","0","0","0","0","0"
"AA","01/22/2015","2440","N3EFAA","MIA","22:54","22:43","189","182","-11","22:39","4","0","0","0","0","0"
"AA","01/22/2015","2470","N5DVAA","DFW","12:21","12:04","201","188","-17","12:00","4","0","0","0","0","0"
"AA","01/23/2015","0084","N3ARAA","JFK","08:41","08:41","71","71","0","08:35","6","0","0","0","0","0"
"AA","01/23/2015","0146","N3EVAA","MIA","00:02","23:46","182","172","-16","23:41","5","0","0","0","0","0"
"AA","01/23/2015","0186","N3CVAA","ORD","14:51","14:29","131","116","-22","14:23","6","0","0","0","0","0"
"AA","01/23/2015","0193","N3LYAA","JFK","13:43","13:49","63","71","6","13:43","6","0","0","0","0","0"
"AA","01/23/2015","0222","N3LGAA","LAX","15:20","15:14","325","328","-6","15:08","6","0","0","0","0","0"
"AA","01/23/2015","0288","N3BKAA","ORD","23:14","22:56","129","113","-18","22:52","4","0","0","0","0","0"
"AA","01/23/2015","1033","N856AA","MIA","12:44","12:35","194","183","-9","12:30","5","0","0","0","0","0"
"AA","01/23/2015","1065","N3GGAA","ORD","16:13","15:52","133","117","-21","15:48","4","0","0","0","0","0"
"AA","01/23/2015","1096","N3LUAA","JFK","17:15","17:18","75","84","3","17:10","8","0","0","0","0","0"
"AA","01/23/2015","1124","N3FBAA","DFW","16:57","16:30","207","185","-27","16:26","4","0","0","0","0","0"
"AA","01/23/2015","1186","N3BXAA","DFW","10:41","10:37","201","199","-4","10:31","6","0","0","0","0","0"
"AA","01/23/2015","1355","N3JLAA","MIA","18:25","18:33","190","201","8","18:20","13","0","0","0","0","0"
"AA","01/23/2015","1426","N3CVAA","ORD","21:49","21:26","134","115","-23","21:19","7","0","0","0","0","0"
"AA","01/23/2015","1496","N3LSAA","ORD","11:10","10:59","130","124","-11","10:55","4","0","0","0","0","0"
"AA","01/23/2015","1533","N5EGAA","MIA","16:11","16:14","186","190","3","16:08","6","0","0","0","0","0"
"AA","01/23/2015","1544","N3CEAA","DFW","19:25","19:21","205","195","-4","19:16","5","0","0","0","0","0"
"AA","01/23/2015","1550","N3JMAA","LAX","23:45","23:37","320","314","-8","23:32","5","0","0","0","0","0"
"AA","01/23/2015","1551","N3CXAA","ORD","13:24","13:15","129","124","-9","13:10","5","0","0","0","0","0"
"AA","01/23/2015","1582","N3KHAA","MIA","10:16","10:12","191","181","-4","10:07","5","0","0","0","0","0"
"AA","01/23/2015","1590","N5BYAA","DFW","21:50","21:48","200","198","-2","21:43","5","0","0","0","0","0"
"AA","01/23/2015","1612","N3DGAA","ORD","19:06","19:12","131","123","6","19:07","5","0","0","0","0","0"
"AA","01/23/2015","1625","N5EBAA","MIA","21:52","21:42","192","185","-10","21:38","4","0","0","0","0","0"
"AA","01/23/2015","1670","N3JBAA","ORD","17:13","17:06","133","132","-7","17:02","4","0","0","0","0","0"
"AA","01/23/2015","2238","N3BNAA","DFW","23:35","23:22","200","194","-13","23:18","4","0","0","0","0","0"
"AA","01/23/2015","2314","N3LUAA","JFK","21:35","21:26","70","65","-9","21:20","6","0","0","0","0","0"
"AA","01/23/2015","2440","N3DTAA","MIA","22:54","22:36","189","172","-18","22:32","4","0","0","0","0","0"
"AA","01/23/2015","2470","N5EMAA","DFW","12:21","14:13","201","208","112","14:08","5","105","0","7","0","0"
"AA","01/24/2015","0084","N3KGAA","JFK","08:41","09:55","71","142","74","09:44","11","0","0","74","0","0"
"AA","01/24/2015","0146","N3JRAA","MIA","00:02","23:56","182","178","-6","23:42","14","0","0","0","0","0"
"AA","01/24/2015","0186","N3EJAA","ORD","14:51","16:51","131","0","0","16:46","5","0","0","0","0","0"
"AA","01/24/2015","0193","N3FYAA","JFK","13:43","14:29","63","75","46","14:24","5","0","34","12","0","0"
"AA","01/24/2015","0222","N3LGAA","LAX","15:20","19:21","325","380","241","19:08","13","18","0","55","0","168"
"AA","01/24/2015","0288","N3EJAA","ORD","23:14","23:05","129","122","-9","23:01","4","0","0","0","0","0"
"AA","01/24/2015","1033","N862AA","MIA","12:44","12:15","194","171","-29","12:08","7","0","0","0","0","0"
"AA","01/24/2015","1065","N3LEAA","ORD","16:13","16:01","133","128","-12","15:55","6","0","0","0","0","0"
"AA","01/24/2015","1096","N3CBAA","JFK","17:15","17:24","75","90","9","17:16","8","0","0","0","0","0"
"AA","01/24/2015","1124","N3LPAA","DFW","16:57","18:04","207","213","67","17:53","11","61","0","6","0","0"
"AA","01/24/2015","1186","N3KEAA","DFW","10:41","10:48","201","214","7","10:35","13","0","0","0","0","0"
"AA","01/24/2015","1355","N3LBAA","MIA","18:25","21:47","190","188","202","21:42","5","35","0","0","0","167"
"AA","01/24/2015","1426","N3ELAA","ORD","21:49","22:13","134","133","24","22:07","6","24","0","0","0","0"
"AA","01/24/2015","1496","N3MAAA","ORD","11:10","11:27","130","153","17","11:08","19","0","0","17","0","0"
"AA","01/24/2015","1533","N5BTAA","MIA","16:11","17:43","186","183","92","17:33","10","44","0","0","0","48"
"AA","01/24/2015","1544","N3HEAA","DFW","19:25","19:55","205","225","30","19:46","9","10","0","20","0","0"
"AA","01/24/2015","1550","N3BGAA","LAX","23:45","23:59","320","343","14","23:54","5","0","0","0","0","0"
"AA","01/24/2015","1582","N3ABAA","MIA","10:16","10:10","191","189","-6","09:57","13","0","0","0","0","0"
"AA","01/24/2015","1590","N5EKAA","DFW","21:50","21:44","200","197","-6","21:39","5","0","0","0","0","0"
"AA","01/24/2015","1625","N5EBAA","MIA","21:52","21:33","192","173","-19","21:28","5","0","0","0","0","0"
"AA","01/24/2015","1670","N3FKAA","ORD","17:13","17:10","133","135","-3","17:02","8","0","0","0","0","0"
"AA","01/24/2015","2314","N3CJAA","JFK","21:35","22:41","70","62","66","22:34","7","15","0","0","0","51"
"AA","01/24/2015","2440","N3AKAA","MIA","22:54","22:33","189","171","-21","22:26","7","0","0","0","0","0"
"AA","01/24/2015","2470","N640AA","DFW","12:21","12:21","201","206","0","12:13","8","0","0","0","0","0"
"AA","01/25/2015","0084","N3JCAA","JFK","08:41","08:32","71","65","-9","08:25","7","0","0","0","0","0"
"AA","01/25/2015","0146","N3ALAA","MIA","00:02","23:53","182","169","-9","23:47","6","0","0","0","0","0"
"AA","01/25/2015","0186","N3LBAA","ORD","14:51","14:54","131","128","3","14:51","3","0","0","0","0","0"
"AA","01/25/2015","0192","N3KTAA","LAX","06:13","06:25","323","338","12","06:18","7","0","0","0","0","0"
"AA","01/25/2015","0193","N3CEAA","JFK","13:43","13:35","63","61","-8","13:31","4","0","0","0","0","0"
"AA","01/25/2015","0202","N3MCAA","LAX","21:21","21:49","326","359","28","21:44","5","0","0","28","0","0"
"AA","01/25/2015","0222","N3LPAA","LAX","15:20","15:49","325","360","29","15:43","6","0","0","29","0","0"
"AA","01/25/2015","0288","N3HEAA","ORD","23:14","23:24","129","130","10","23:21","3","0","0","0","0","0"
"AA","01/25/2015","1033","N858AA","MIA","12:44","12:25","194","178","-19","12:21","4","0","0","0","0","0"
"AA","01/25/2015","1065","N3CWAA","ORD","16:13","16:34","133","137","21","16:28","6","0","17","4","0","0"
"AA","01/25/2015","1096","N3CNAA","JFK","17:15","17:05","75","68","-10","17:00","5","0","0","0","0","0"
"AA","01/25/2015","1124","N3AMAA","DFW","16:57","16:49","207","190","-8","16:44","5","0","0","0","0","0"
"AA","01/25/2015","1186","N3GCAA","DFW","10:41","10:33","201","198","-8","10:29","4","0","0","0","0","0"
"AA","01/25/2015","1355","N3HBAA","MIA","18:25","18:22","190","173","-3","18:16","6","0","0","0","0","0"
"AA","01/25/2015","1426","N3LBAA","ORD","21:49","21:51","134","136","2","21:47","4","0","0","0","0","0"
"AA","01/25/2015","1496","N3MDAA","ORD","11:10","11:04","130","125","-6","10:59","5","0","0","0","0","0"
"AA","01/25/2015","1533","N5CDAA","MIA","16:11","15:58","186","175","-13","15:54","4","0","0","0","0","0"
"AA","01/25/2015","1544","N3KKAA","DFW","19:25","19:22","205","201","-3","19:14","8","0","0","0","0","0"
"AA","01/25/2015","1550","N3JMAA","LAX","23:45","00:03","320","343","18","23:58","5","0","0","18","0","0"
"AA","01/25/2015","1551","N3LMAA","ORD","13:24","13:31","129","130","7","13:26","5","0","0","0","0","0"
"AA","01/25/2015","1582","N3FYAA","MIA","10:16","10:06","191","175","-10","10:00","6","0","0","0","0","0"
"AA","01/25/2015","1590","N633AA","DFW","21:50","21:42","200","194","-8","21:38","4","0","0","0","0","0"
"AA","01/25/2015","1612","N3LJAA","ORD","19:06","19:04","131","126","-2","19:00","4","0","0","0","0","0"
"AA","01/25/2015","1625","N5CCAA","MIA","21:52","21:38","192","178","-14","21:31","7","0","0","0","0","0"
"AA","01/25/2015","1670","N3ANAA","ORD","17:13","17:19","133","129","6","17:13","6","0","0","0","0","0"
"AA","01/25/2015","2238","N3GVAA","DFW","23:35","23:38","200","200","3","23:34","4","0","0","0","0","0"
"AA","01/25/2015","2314","N3CNAA","JFK","21:35","21:44","70","71","9","21:40","4","0","0","0","0","0"
"AA","01/25/2015","2440","N3KFAA","MIA","22:54","22:56","189","185","2","22:51","5","0","0","0","0","0"
"AA","01/25/2015","2470","N5CAAA","DFW","12:21","12:34","201","217","13","12:27","7","0","0","0","0","0"
"AA","01/26/2015","0084","N3DRAA","JFK","08:41","08:33","71","64","-8","08:26","7","0","0","0","0","0"
"AA","01/26/2015","0146","N3FCAA","MIA","00:02","00:00","182","0","0","00:00","0","0","0","0","0","0"
"AA","01/26/2015","0186","N3CCAA","ORD","14:51","14:53","131","137","2","14:39","14","0","0","0","0","0"
"AA","01/26/2015","0192","N3BMAA","LAX","06:13","00:00","323","0","0","00:00","0","0","0","0","0","0"
"AA","01/26/2015","0193","N3FMAA","JFK","13:43","00:00","63","0","0","00:00","0","0","0","0","0","0"
"AA","01/26/2015","0222","N3LPAA","LAX","15:20","15:24","325","335","4","15:20","4","0","0","0","0","0"
"AA","01/26/2015","0288","N3CWAA","ORD","23:14","00:00","129","0","0","00:00","0","0","0","0","0","0"
"AA","01/26/2015","1033","N853AA","MIA","12:44","12:49","194","195","5","12:43","6","0","0","0","0","0"
"AA","01/26/2015","1065","N3FNAA","ORD","16:13","16:35","133","137","22","16:25","10","0","0","4","0","18"
"AA","01/26/2015","1096","N3AKAA","JFK","17:15","00:00","75","0","0","00:00","0","0","0","0","0","0"
"AA","01/26/2015","1124","N3HMAA","DFW","16:57","16:57","207","209","0","16:52","5","0","0","0","0","0"
"AA","01/26/2015","1186","N3CGAA","DFW","10:41","11:05","201","229","24","10:54","11","0","0","24","0","0"
"AA","01/26/2015","1355","N3FPAA","MIA","18:25","00:00","190","0","0","00:00","0","0","0","0","0","0"
"AA","01/26/2015","1426","N3CCAA","ORD","21:49","00:00","134","0","0","00:00","0","0","0","0","0","0"
"AA","01/26/2015","1496","N3MEAA","ORD","11:10","11:05","130","129","-5","11:01","4","0","0","0","0","0"
"AA","01/26/2015","1533","N5EJAA","MIA","16:11","16:07","186","183","-4","15:58","9","0","0","0","0","0"
"AA","01/26/2015","1544","N3KLAA","DFW","19:25","00:00","205","0","0","00:00","0","0","0","0","0","0"
"AA","01/26/2015","1550","N3LNAA","LAX","23:45","00:00","320","0","0","00:00","0","0","0","0","0","0"
"AA","01/26/2015","1551","N3CSAA","ORD","13:24","13:27","129","135","3","13:21","6","0","0","0","0","0"
"AA","01/26/2015","1582","N3GCAA","MIA","10:16","10:09","191","187","-7","10:03","6","0","0","0","0","0"
"AA","01/26/2015","1590","N5DYAA","DFW","21:50","00:00","200","0","0","00:00","0","0","0","0","0","0"
"AA","01/26/2015","1612","N3AXAA","ORD","19:06","00:00","131","0","0","00:00","0","0","0","0","0","0"
"AA","01/26/2015","1625","N5CAAA","MIA","21:52","00:00","192","0","0","00:00","0","0","0","0","0","0"
"AA","01/26/2015","1670","N3LCAA","ORD","17:13","17:24","133","143","11","17:17","7","0","0","0","0","0"
"AA","01/26/2015","2238","N3GEAA","DFW","23:35","00:00","200","0","0","00:00","0","0","0","0","0","0"
"AA","01/26/2015","2314","N3AKAA","JFK","21:35","00:00","70","0","0","00:00","0","0","0","0","0","0"
"AA","01/26/2015","2440","N3AWAA","MIA","22:54","00:00","189","0","0","00:00","0","0","0","0","0","0"
"AA","01/26/2015","2470","N5BRAA","DFW","12:21","13:26","201","223","65","13:19","7","43","0","22","0","0"
"AA","01/27/2015","0084","","JFK","08:41","00:00","71","0","0","00:00","0","0","0","0","0","0"
"AA","01/27/2015","0146","","MIA","00:02","00:00","182","0","0","00:00","0","0","0","0","0","0"
"AA","01/27/2015","0186","","ORD","14:51","00:00","131","0","0","00:00","0","0","0","0","0","0"
"AA","01/27/2015","0193","","JFK","13:43","00:00","63","0","0","00:00","0","0","0","0","0","0"
"AA","01/27/2015","0222","","LAX","15:20","00:00","325","0","0","00:00","0","0","0","0","0","0"
"AA","01/27/2015","0288","","ORD","23:14","00:00","129","0","0","00:00","0","0","0","0","0","0"
"AA","01/27/2015","1033","","MIA","12:44","00:00","194","0","0","00:00","0","0","0","0","0","0"
"AA","01/27/2015","1065","","ORD","16:13","00:00","133","0","0","00:00","0","0","0","0","0","0"
"AA","01/27/2015","1096","","JFK","17:15","00:00","75","0","0","00:00","0","0","0","0","0","0"
"AA","01/27/2015","1124","","DFW","16:57","00:00","207","0","0","00:00","0","0","0","0","0","0"
"AA","01/27/2015","1186","N3JNAA","DFW","10:41","00:00","201","0","0","00:00","0","0","0","0","0","0"
"AA","01/27/2015","1355","","MIA","18:25","00:00","190","0","0","00:00","0","0","0","0","0","0"
"AA","01/27/2015","1426","","ORD","21:49","00:00","134","0","0","00:00","0","0","0","0","0","0"
"AA","01/27/2015","1496","","ORD","11:10","00:00","130","0","0","00:00","0","0","0","0","0","0"
"AA","01/27/2015","1533","","MIA","16:11","00:00","186","0","0","00:00","0","0","0","0","0","0"
"AA","01/27/2015","1544","","DFW","19:25","00:00","205","0","0","00:00","0","0","0","0","0","0"
"AA","01/27/2015","1550","","LAX","23:45","00:00","320","0","0","00:00","0","0","0","0","0","0"
"AA","01/27/2015","1551","","ORD","13:24","00:00","129","0","0","00:00","0","0","0","0","0","0"
"AA","01/27/2015","1582","N3CEAA","MIA","10:16","00:00","191","0","0","00:00","0","0","0","0","0","0"
"AA","01/27/2015","1590","","DFW","21:50","00:00","200","0","0","00:00","0","0","0","0","0","0"
"AA","01/27/2015","1612","","ORD","19:06","00:00","131","0","0","00:00","0","0","0","0","0","0"
"AA","01/27/2015","1625","","MIA","21:52","00:00","192","0","0","00:00","0","0","0","0","0","0"
"AA","01/27/2015","1670","","ORD","17:13","00:00","133","0","0","00:00","0","0","0","0","0","0"
"AA","01/27/2015","2238","","DFW","23:35","00:00","200","0","0","00:00","0","0","0","0","0","0"
"AA","01/27/2015","2314","","JFK","21:35","00:00","70","0","0","00:00","0","0","0","0","0","0"
"AA","01/27/2015","2440","","MIA","22:54","00:00","189","0","0","00:00","0","0","0","0","0","0"
"AA","01/27/2015","2470","N5ELAA","DFW","12:21","00:00","201","0","0","00:00","0","0","0","0","0","0"
"AA","01/28/2015","0084","","JFK","08:41","00:00","71","0","0","00:00","0","0","0","0","0","0"
"AA","01/28/2015","0146","N3FCAA","MIA","00:02","00:50","182","214","48","00:43","7","0","0","48","0","0"
"AA","01/28/2015","0186","N3KMAA","ORD","14:51","15:09","131","150","18","15:01","8","0","0","18","0","0"
"AA","01/28/2015","0192","N3DFAA","LAX","06:13","05:55","323","310","-18","05:49","6","0","0","0","0","0"
"AA","01/28/2015","0193","","JFK","13:43","00:00","63","0","0","00:00","0","0","0","0","0","0"
"AA","01/28/2015","0222","N3FJAA","LAX","15:20","15:01","325","313","-19","14:57","4","0","0","0","0","0"
"AA","01/28/2015","0288","N3AXAA","ORD","23:14","23:42","129","159","28","23:36","6","0","0","28","0","0"
"AA","01/28/2015","1033","N850AA","MIA","12:44","00:00","194","0","0","00:00","0","0","0","0","0","0"
"AA","01/28/2015","1065","N3CSAA","ORD","16:13","16:17","133","137","4","16:06","11","0","0","0","0","0"
"AA","01/28/2015","1096","N3ENAA","JFK","17:15","17:58","75","84","43","17:52","6","0","0","43","0","0"
"AA","01/28/2015","1124","N3GCAA","DFW","16:57","17:14","207","223","17","17:08","6","0","0","17","0","0"
"AA","01/28/2015","1186","N3DCAA","DFW","10:41","00:00","201","0","0","00:00","0","0","0","0","0","0"
"AA","01/28/2015","1355","N3ALAA","MIA","18:25","19:42","190","218","77","19:35","7","0","0","77","0","0"
"AA","01/28/2015","1426","N3KXAA","ORD","21:49","22:45","134","141","56","22:40","5","0","0","56","0","0"
"AA","01/28/2015","1496","N3LMAA","ORD","11:10","00:00","130","0","0","00:00","0","0","0","0","0","0"
"AA","01/28/2015","1533","N5DLAA","MIA","16:11","16:24","186","204","13","16:10","14","0","0","0","0","0"
"AA","01/28/2015","1544","N3EWAA","DFW","19:25","20:27","205","255","62","20:21","6","0","0","62","0","0"
"AA","01/28/2015","1550","N3MCAA","LAX","23:45","00:32","320","335","47","00:27","5","0","0","47","0","0"
"AA","01/28/2015","1551","N3JVAA","ORD","13:24","13:22","129","129","-2","13:16","6","0","0","0","0","0"
"AA","01/28/2015","1582","N3ALAA","MIA","10:16","00:00","191","0","0","00:00","0","0","0","0","0","0"
"AA","01/28/2015","1590","N5CPAA","DFW","21:50","22:55","200","265","65","22:48","7","0","0","65","0","0"
"AA","01/28/2015","1612","N3JAAA","ORD","19:06","20:34","131","153","88","20:28","6","0","0","88","0","0"
"AA","01/28/2015","1625","N5DUAA","MIA","21:52","23:22","192","206","90","23:16","6","0","0","90","0","0"
"AA","01/28/2015","1670","N3EBAA","ORD","17:13","17:33","133","156","20","17:26","7","0","0","20","0","0"
"AA","01/28/2015","2238","N3ABAA","DFW","23:35","00:15","200","224","40","00:10","5","0","0","40","0","0"
"AA","01/28/2015","2314","N3ENAA","JFK","21:35","22:40","70","74","65","22:35","5","0","0","31","0","34"
"AA","01/28/2015","2440","N3DEAA","MIA","22:54","23:18","189","216","24","23:10","8","0","0","24","0","0"
"AA","01/28/2015","2470","N5CPAA","DFW","12:21","12:40","201","222","19","12:34","6","0","0","19","0","0"
"AA","01/29/2015","0084","N3JCAA","JFK","08:41","08:44","71","79","3","08:38","6","0","0","0","0","0"
"AA","01/29/2015","0146","N3HRAA","MIA","00:02","00:16","182","195","14","00:10","6","0","0","0","0","0"
"AA","01/29/2015","0186","N3JYAA","ORD","14:51","14:42","131","129","-9","14:36","6","0","0","0","0","0"
"AA","01/29/2015","0192","N3HYAA","LAX","06:13","05:50","323","306","-23","05:45","5","0","0","0","0","0"
"AA","01/29/2015","0193","N3KSAA","JFK","13:43","13:55","63","79","12","13:51","4","0","0","0","0","0"
"AA","01/29/2015","0202","N3LRAA","LAX","21:21","21:13","326","320","-8","21:05","8","0","0","0","0","0"
"AA","01/29/2015","0222","N3LPAA","LAX","15:20","15:02","325","311","-18","14:57","5","0","0","0","0","0"
"AA","01/29/2015","0288","N3ETAA","ORD","23:14","23:20","129","136","6","23:17","3","0","0","0","0","0"
"AA","01/29/2015","1033","N859AA","MIA","12:44","13:07","194","191","23","13:02","5","23","0","0","0","0"
"AA","01/29/2015","1065","N3ETAA","ORD","16:13","16:21","133","136","8","16:15","6","0","0","0","0","0"
"AA","01/29/2015","1096","N3HUAA","JFK","17:15","17:20","75","60","5","17:12","8","0","0","0","0","0"
"AA","01/29/2015","1124","N3APAA","DFW","16:57","17:21","207","219","24","17:09","12","12","0","12","0","0"
"AA","01/29/2015","1186","N3GEAA","DFW","10:41","10:58","201","220","17","10:52","6","0","0","17","0","0"
"AA","01/29/2015","1355","N3CBAA","MIA","18:25","19:02","190","195","37","18:55","7","32","0","5","0","0"
"AA","01/29/2015","1426","N3LWAA","ORD","21:49","22:03","134","135","14","21:56","7","0","0","0","0","0"
"AA","01/29/2015","1496","N3LHAA","ORD","11:10","11:25","130","145","15","11:20","5","0","0","15","0","0"
"AA","01/29/2015","1533","N5FSAA","MIA","16:11","16:22","186","198","11","16:13","9","0","0","0","0","0"
"AA","01/29/2015","1544","N3LUAA","DFW","19:25","19:20","205","203","-5","19:15","5","0","0","0","0","0"
"AA","01/29/2015","1550","N3KEAA","LAX","23:45","23:51","320","333","6","23:42","9","0","0","0","0","0"
"AA","01/29/2015","1551","N3DEAA","ORD","13:24","13:28","129","135","4","13:23","5","0","0","0","0","0"
"AA","01/29/2015","1582","N3EYAA","MIA","10:16","10:45","191","197","29","10:40","5","23","0","6","0","0"
"AA","01/29/2015","1590","N5EBAA","DFW","21:50","21:46","200","198","-4","21:40","6","0","0","0","0","0"
"AA","01/29/2015","1612","N3GWAA","ORD","19:06","19:05","131","130","-1","18:57","8","0","0","0","0","0"
"AA","01/29/2015","1625","N5EPAA","MIA","21:52","21:50","192","197","-2","21:43","7","0","0","0","0","0"
"AA","01/29/2015","1670","N3LMAA","ORD","17:13","18:16","133","170","63","18:03","13","0","0","63","0","0"
"AA","01/29/2015","2238","N3FTAA","DFW","23:35","00:06","200","200","31","00:03","3","12","0","0","0","19"
"AA","01/29/2015","2314","N3HUAA","JFK","21:35","21:38","70","73","3","21:34","4","0","0","0","0","0"
"AA","01/29/2015","2440","N3ERAA","MIA","22:54","22:54","189","192","0","22:48","6","0","0","0","0","0"
"AA","01/29/2015","2470","N5EKAA","DFW","12:21","12:35","201","212","14","12:30","5","0","0","0","0","0"
"AA","01/30/2015","0084","N3KUAA","JFK","08:41","09:15","71","97","34","09:07","8","0","8","26","0","0"
"AA","01/30/2015","0146","N3JLAA","MIA","00:02","00:15","182","198","13","00:08","7","0","0","0","0","0"
"AA","01/30/2015","0186","N3JMAA","ORD","14:51","14:32","131","121","-19","14:28","4","0","0","0","0","0"
"AA","01/30/2015","0193","N3GFAA","JFK","13:43","13:59","63","72","16","13:51","8","7","0","9","0","0"
"AA","01/30/2015","0222","N3LUAA","LAX","15:20","15:04","325","317","-16","14:58","6","0","0","0","0","0"
"AA","01/30/2015","0288","N3FEAA","ORD","23:14","00:11","129","125","57","00:05","6","5","0","0","0","52"
"AA","01/30/2015","1033","N859AA","MIA","12:44","12:45","194","204","1","12:39","6","0","0","0","0","0"
"AA","01/30/2015","1065","N3JSAA","ORD","16:13","15:57","133","125","-16","15:53","4","0","0","0","0","0"
"AA","01/30/2015","1096","N3HXAA","JFK","17:15","17:23","75","90","8","17:17","6","0","0","0","0","0"
"AA","01/30/2015","1124","N3JYAA","DFW","16:57","16:56","207","204","-1","16:51","5","0","0","0","0","0"
"AA","01/30/2015","1186","N3GUAA","DFW","10:41","10:42","201","210","1","10:35","7","0","0","0","0","0"
"AA","01/30/2015","1355","N3KGAA","MIA","18:25","18:17","190","184","-8","18:12","5","0","0","0","0","0"
"AA","01/30/2015","1426","N3JMAA","ORD","21:49","21:33","134","122","-16","21:28","5","0","0","0","0","0"
"AA","01/30/2015","1496","N3MEAA","ORD","11:10","11:03","130","125","-7","10:57","6","0","0","0","0","0"
"AA","01/30/2015","1533","N5EGAA","MIA","16:11","16:03","186","182","-8","15:58","5","0","0","0","0","0"
"AA","01/30/2015","1544","N3APAA","DFW","19:25","19:20","205","201","-5","19:14","6","0","0","0","0","0"
"AA","01/30/2015","1550","N3LSAA","LAX","23:45","00:05","320","307","20","24:00","5","0","0","0","0","20"
"AA","01/30/2015","1551","N3FTAA","ORD","13:24","13:12","129","127","-12","13:07","5","0","0","0","0","0"
"AA","01/30/2015","1582","N3LCAA","MIA","10:16","10:22","191","197","6","10:15","7","0","0","0","0","0"
"AA","01/30/2015","1590","N633AA","DFW","21:50","22:00","200","204","10","21:55","5","0","0","0","0","0"
"AA","01/30/2015","1612","N3BMAA","ORD","19:06","19:44","131","161","38","19:38","6","0","0","38","0","0"
"AA","01/30/2015","1625","N5CAAA","MIA","21:52","21:56","192","190","4","21:52","4","0","0","0","0","0"
"AA","01/30/2015","1670","N3JDAA","ORD","17:13","17:18","133","144","5","17:13","5","0","0","0","0","0"
"AA","01/30/2015","2238","N3JVAA","DFW","23:35","23:38","200","208","3","23:31","7","0","0","0","0","0"
"AA","01/30/2015","2314","N3HXAA","JFK","21:35","22:14","70","68","39","22:09","5","0","0","0","0","39"
"AA","01/30/2015","2440","N3EMAA","MIA","22:54","23:34","189","208","40","23:28","6","0","0","19","0","21"
"AA","01/30/2015","2470","N5CKAA","DFW","12:21","12:15","201","204","-6","12:09","6","0","0","0","0","0"
"AA","01/31/2015","0084","N3FMAA","JFK","08:41","08:36","71","66","-5","08:30","6","0","0","0","0","0"
"AA","01/31/2015","0146","N3DWAA","MIA","00:02","00:05","182","187","3","00:01","4","0","0","0","0","0"
"AA","01/31/2015","0186","N3CYAA","ORD","14:51","14:33","131","118","-18","14:28","5","0","0","0","0","0"
"AA","01/31/2015","0193","N3FYAA","JFK","13:43","13:38","63","63","-5","13:34","4","0","0","0","0","0"
"AA","01/31/2015","0222","N3EDAA","LAX","15:20","14:52","325","304","-28","14:47","5","0","0","0","0","0"
"AA","01/31/2015","0288","N3FYAA","ORD","23:14","23:01","129","118","-13","22:57","4","0","0","0","0","0"
"AA","01/31/2015","1033","N852AA","MIA","12:44","12:45","194","201","1","12:34","11","0","0","0","0","0"
"AA","01/31/2015","1065","N3EFAA","ORD","16:13","15:55","133","123","-18","15:50","5","0","0","0","0","0"
"AA","01/31/2015","1096","N3DCAA","JFK","17:15","17:49","75","106","34","17:41","8","0","0","34","0","0"
"AA","01/31/2015","1124","N3JEAA","DFW","16:57","16:55","207","212","-2","16:51","4","0","0","0","0","0"
"AA","01/31/2015","1186","N3KKAA","DFW","10:41","10:35","201","204","-6","10:28","7","0","0","0","0","0"
"AA","01/31/2015","1355","N3EWAA","MIA","18:25","19:15","190","204","50","19:10","5","20","0","14","0","16"
"AA","01/31/2015","1426","N3DHAA","ORD","21:49","21:31","134","118","-18","21:23","8","0","0","0","0","0"
"AA","01/31/2015","1496","N3BVAA","ORD","11:10","10:57","130","124","-13","10:53","4","0","0","0","0","0"
"AA","01/31/2015","1533","N5DVAA","MIA","16:11","17:16","186","205","65","17:11","5","22","0","19","0","24"
"AA","01/31/2015","1544","N3KNAA","DFW","19:25","19:33","205","200","8","19:28","5","0","0","0","0","0"
"AA","01/31/2015","1550","N3LYAA","LAX","23:45","23:42","320","321","-3","23:37","5","0","0","0","0","0"
"AA","01/31/2015","1582","N3FAAA","MIA","10:16","10:18","191","201","2","10:14","4","0","0","0","0","0"
"AA","01/31/2015","1590","N5EAAA","DFW","21:50","21:47","200","197","-3","21:42","5","0","0","0","0","0"
"AA","01/31/2015","1625","N5CRAA","MIA","21:52","22:09","192","190","17","22:03","6","17","0","0","0","0"
"AA","01/31/2015","1670","N3CEAA","ORD","17:13","17:09","133","139","-4","17:04","5","0","0","0","0","0"
"AA","01/31/2015","2314","N3DCAA","JFK","21:35","21:38","70","67","3","21:33","5","0","0","0","0","0"
"AA","01/31/2015","2440","N3LUAA","MIA","22:54","22:48","189","187","-6","22:43","5","0","0","0","0","0"
"AA","01/31/2015","2470","N642AA","DFW","12:21","12:26","201","211","5","12:19","7","0","0","0","0","0"
